"year","month","day","maxtemp","mintemp","precipitation"
1980,1,1,,,
1980,1,2,11,-1,
1980,1,3,13,-2,
1980,1,4,,,
1980,1,5,,,
1980,1,6,,,
1980,1,7,,,
1980,1,8,,,
1980,1,9,13,5.5,0
1980,1,10,13,4,0
1980,1,11,12.5,3.5,0
1980,1,12,16.5,4,0
1980,1,13,19,4,0
1980,1,14,21.5,6,3.81
1980,1,15,16,2,0
1980,1,16,15,2.5,0
1980,1,17,17,5,0
1980,1,18,18,10,0
1980,1,19,17.5,-1.5,0
1980,1,20,12.5,5,0
1980,1,21,6,0,5.588
1980,1,22,3.5,-4,0
1980,1,23,4.5,-4,0
1980,1,24,12.5,-2.5,0
1980,1,25,17,0,0
1980,1,26,17,2,0
1980,1,27,17,3,0
1980,1,28,17,5,0
1980,1,29,17.5,9,0
1980,1,30,16,3.5,0
1980,1,31,5.5,1,5.842
1980,2,1,13,2,0
1980,2,2,18,3.5,0
1980,2,3,22.5,5,0
1980,2,4,23,7,0
1980,2,5,21,4,0
1980,2,6,21,4.5,0
1980,2,7,17.5,2,0
1980,2,8,1,-5,16.764
1980,2,9,2.5,-10,0
1980,2,10,6,-7,0
1980,2,11,4,-2,0
1980,2,12,13,3,0
1980,2,13,13,6.5,1.524
1980,2,14,13,9.5,6.858
1980,2,15,17.5,2.5,2.286
1980,2,16,14,6.5,0
1980,2,17,16.5,5,2.286
1980,2,18,21,8,0
1980,2,19,19,9,0
1980,2,20,16,1,0.508
1980,2,21,17,2,0
1980,2,22,17,3.5,0
1980,2,23,18,3,0
1980,2,24,19,4,0
1980,2,25,20.5,3,0
1980,2,26,22,7.5,0
1980,2,27,24,8,0
1980,2,28,24,6.5,0
1980,2,29,23,6.5,0
1980,3,1,16,1,0
1980,3,2,16,6.5,0
1980,3,3,21,5,0
1980,3,4,19,2.5,0
1980,3,5,21,2,0
1980,3,6,21.5,7,0
1980,3,7,19.5,1,0
1980,3,8,22,4,0
1980,3,9,19,8.5,0
1980,3,10,17,7,0
1980,3,11,17,4,5.08
1980,3,12,18,4,0
1980,3,13,21.5,6,0
1980,3,14,24.5,5,0
1980,3,15,23,7,0
1980,3,16,20,1.5,0
1980,3,17,15,0,0
1980,3,18,21.5,10,0
1980,3,19,17,-1,0
1980,3,20,18.5,3,0
1980,3,21,24.5,13,0
1980,3,22,20,3,0
1980,3,23,16,3,0
1980,3,24,18,5,0
1980,3,25,19.5,2.5,0
1980,3,26,20,2.5,0
1980,3,27,14,0.5,0
1980,3,28,15.5,1,0
1980,3,29,17.5,2,0
1980,3,30,17,8.5,0
1980,3,31,18,-0.5,0
1980,4,1,22,1.5,0
1980,4,2,18.5,1,0
1980,4,3,21,5.5,0
1980,4,4,26.5,7,0
1980,4,5,25.5,7,0
1980,4,6,24.5,8,0
1980,4,7,25,7,0
1980,4,8,25.5,7,0
1980,4,9,28.5,10,0
1980,4,10,29,9,0
1980,4,11,26,4,0
1980,4,12,9,-2,0
1980,4,13,14,-2,0
1980,4,14,23,10,0
1980,4,15,28,10,0
1980,4,16,28.5,11,0
1980,4,17,28,10,0
1980,4,18,29.5,11,0
1980,4,19,31,16.5,0
1980,4,20,30,16,0.254
1980,4,21,28,11,0
1980,4,22,27,6,0
1980,4,23,21,3,0
1980,4,24,15,8,0
1980,4,25,24,6.5,0
1980,4,26,25,12,0
1980,4,27,29,12,0
1980,4,28,30,15,0
1980,4,29,25,8,0
1980,4,30,20,4,0.254
1980,5,1,20,11,0.254
1980,5,2,25,11,0.254
1980,5,3,24,8,0
1980,5,4,27,11,0
1980,5,5,29,12,0
1980,5,6,28,15,0
1980,5,7,27,15,0
1980,5,8,29,13,0
1980,5,9,30,13,0
1980,5,10,28,14,0
1980,5,11,26,5,0
1980,5,12,26,8,0
1980,5,13,27.5,10,0
1980,5,14,27.5,10,0
1980,5,15,24,7,0
1980,5,16,26,11,0
1980,5,17,29,15,0
1980,5,18,30.5,12,0
1980,5,19,31,18,0
1980,5,20,34,14,0
1980,5,21,33,15,0
1980,5,22,31.5,11,0
1980,5,23,30,15,0
1980,5,24,28.5,2,0
1980,5,25,28.5,7,0
1980,5,26,30,16,0
1980,5,27,30,11,0
1980,5,28,31,8.5,0
1980,5,29,32,11,0
1980,5,30,33,13,0
1980,5,31,33.5,15,0
1980,6,1,32,10,0
1980,6,2,34,12,0
1980,6,3,35,16,0
1980,6,4,36,16.5,0
1980,6,5,37,16,0
1980,6,6,37,12,0
1980,6,7,38,19,0
1980,6,8,39,21,0
1980,6,9,35,16,8.382
1980,6,10,38,18,0
1980,6,11,37.5,17,0
1980,6,12,33,20,0
1980,6,13,39,21,0
1980,6,14,39.5,18,0
1980,6,15,40,19,0
1980,6,16,40,22,0
1980,6,17,40,22.5,0
1980,6,18,38,22,0
1980,6,19,37,22,0
1980,6,20,36,20,2.54
1980,6,21,36,19,0
1980,6,22,38,21,0
1980,6,23,40,20,0
1980,6,24,39,22.5,0
1980,6,25,39,21.5,0
1980,6,26,41,22,0
1980,6,27,40,23,0
1980,6,28,41,23,0
1980,6,29,40,22,0
1980,6,30,36,18,0
1980,7,1,32.5,22,0
1980,7,2,35.5,22.5,0
1980,7,3,38,21.5,0
1980,7,4,39,22,0
1980,7,5,39,23,0
1980,7,6,38,19,1.016
1980,7,7,33,20,0
1980,7,8,35,21.5,0
1980,7,9,36,19,8.89
1980,7,10,36,19.5,0
1980,7,11,32.5,19,1.016
1980,7,12,31.5,18,41.91
1980,7,13,28,19,1.016
1980,7,14,32,20.5,0
1980,7,15,35.5,21.5,0
1980,7,16,38,21.5,0
1980,7,17,39,23,0
1980,7,18,39,21,2.032
1980,7,19,37,21,0
1980,7,20,36,21,0
1980,7,21,35.5,20,0
1980,7,22,34,20,1.27
1980,7,23,35,19,1.27
1980,7,24,35.5,21,0
1980,7,25,37,21,1.778
1980,7,26,38,23.5,0
1980,7,27,38.5,23,0
1980,7,28,35,23.5,0.508
1980,7,29,35,19,0
1980,7,30,37,22.5,0
1980,7,31,39,21,0
1980,8,1,38,23,0
1980,8,2,36,18.5,9.398
1980,8,3,33,18,8.128
1980,8,4,30,18,0
1980,8,5,32,20,5.334
1980,8,6,35,20.5,0
1980,8,7,36,18,2.794
1980,8,8,35.5,20,0
1980,8,9,35,19.5,0
1980,8,10,34,20,0
1980,8,11,35,19,0
1980,8,12,24,19.5,8.636
1980,8,13,27.5,18,0
1980,8,14,28,17,0
1980,8,15,32,16.5,0
1980,8,16,32,20,0
1980,8,17,35,21,0
1980,8,18,34,20,0
1980,8,19,27,16,0
1980,8,20,31,16.5,0
1980,8,21,35,21,0
1980,8,22,32,17.5,0
1980,8,23,30,17,7.112
1980,8,24,26,15,12.7
1980,8,25,29.5,17.5,0
1980,8,26,28,17,0
1980,8,27,31,18,0
1980,8,28,34,20,0
1980,8,29,33,19,0
1980,8,30,34,19,0
1980,8,31,34,19,0
1980,9,1,33,19,0
1980,9,2,34,17,0
1980,9,3,29,19,0
1980,9,4,30,16,13.462
1980,9,5,29,16,0
1980,9,6,29,15.5,0
1980,9,7,29,17,0
1980,9,8,30,19,0
1980,9,9,31,18,5.588
1980,9,10,29,17,0
1980,9,11,31,17,0
1980,9,12,30,17,0
1980,9,13,29.5,13,0
1980,9,14,30,15,0
1980,9,15,32,16,0
1980,9,16,33.5,16,0
1980,9,17,34,19,0
1980,9,18,36,17.5,0
1980,9,19,35,18,0
1980,9,20,34,16,0
1980,9,21,35,15,0
1980,9,22,33,16,0
1980,9,23,29,15,0
1980,9,24,28,15,30.734
1980,9,25,27,15,8.89
1980,9,26,21,17,0
1980,9,27,25,14,0
1980,9,28,29,16,0
1980,9,29,31,17,0
1980,9,30,32,17,0
1980,10,1,34,16,0
1980,10,2,32.5,14,0
1980,10,3,32,19,0
1980,10,4,34,16.5,0
1980,10,5,34,16,0
1980,10,6,30,13,0
1980,10,7,28,14,0
1980,10,8,29,15,0
1980,10,9,29,15,0
1980,10,10,29,13,0
1980,10,11,26,11.5,0
1980,10,12,26,14,0
1980,10,13,25,13,0.508
1980,10,14,24.5,14,0
1980,10,15,21,2,1.27
1980,10,16,13,1.5,0
1980,10,17,19,5,0
1980,10,18,21.5,8,0
1980,10,19,17,5,0
1980,10,20,17.5,4,0
1980,10,21,20.5,8,0
1980,10,22,23.5,9,0
1980,10,23,24,9,0
1980,10,24,23,7,0
1980,10,25,26,11.5,0
1980,10,26,22,9,0
1980,10,27,20,3,0
1980,10,28,11,-2,0
1980,10,29,13,0,0
1980,10,30,13,-2,0
1980,10,31,21.5,9,0
1980,11,1,23,9,0
1980,11,2,25,9,0
1980,11,3,27,9,0
1980,11,4,26,8,0
1980,11,5,26,7.5,0
1980,11,6,28,10,0
1980,11,7,28,9,0
1980,11,8,27,9.5,0
1980,11,9,28,10,0
1980,11,10,27,12.5,0
1980,11,11,25.5,9.5,0
1980,11,12,24,8,0
1980,11,13,20,4.5,0
1980,11,14,20,6,0
1980,11,15,14,0,0
1980,11,16,3,-2.5,14.478
1980,11,17,3,-4,0
1980,11,18,13,,0
1980,11,19,,,0
1980,11,20,13,3.5,0
1980,11,21,6.5,-2,0
1980,11,22,11,0,0
1980,11,23,17,4,0
1980,11,24,18,-0.5,0
1980,11,25,8.5,-5.5,0
1980,11,26,11,-2,0
1980,11,27,9,-1,0
1980,11,28,18,3,0
1980,11,29,22,4.5,0
1980,11,30,21,5,0
1980,12,1,21,5,0
1980,12,2,21,5,0
1980,12,3,22,7,0
1980,12,4,23,7,0
1980,12,5,21,6,0
1980,12,6,20,7,0
1980,12,7,14.5,0,0
1980,12,8,11,-3,0
1980,12,9,12,-3,0
1980,12,10,12,-4,0
1980,12,11,15.5,3,0
1980,12,12,13,2,2.286
1980,12,13,16,5,0
1980,12,14,16,0.5,0
1980,12,15,18,3,0
1980,12,16,21,3.5,0
1980,12,17,22,7,0
1980,12,18,23.5,7,0
1980,12,19,13,-1,0
1980,12,20,9,-3,0
1980,12,21,13,-3,0
1980,12,22,21,3,0
1980,12,23,20,4,0
1980,12,24,19,1,0
1980,12,25,19,3,0
1980,12,26,22.5,5,0
1980,12,27,22.5,6,0
1980,12,28,24,8,0
1980,12,29,17,0,0
1980,12,30,16,1.5,0
1980,12,31,17,4,0
1981,1,1,19,2.5,0
1981,1,2,17,4,0
1981,1,3,19.5,4.5,0
1981,1,4,19,3,0
1981,1,5,19,6,0
1981,1,6,16,5,0
1981,1,7,11,6,6.096
1981,1,8,10.5,2,0.254
1981,1,9,15,3,0
1981,1,10,11,7,0
1981,1,11,9,3.5,2.032
1981,1,12,4,4,12.192
1981,1,13,9,4,0
1981,1,14,14,0,0.508
1981,1,15,13.5,4,0
1981,1,16,9,-1,6.35
1981,1,17,0,-4.5,1.27
1981,1,18,10.5,,1.524
1981,1,19,,,0
1981,1,20,14,-1,0
1981,1,21,11.5,-1,0
1981,1,22,15,-0.5,0
1981,1,23,17,3.5,0
1981,1,24,18.5,3.5,0
1981,1,25,16,3,0
1981,1,26,16,-1,0
1981,1,27,16,3,0
1981,1,28,18.5,0,0
1981,1,29,15.5,2.5,0
1981,1,30,19.5,3,0
1981,1,31,9.5,-6,0
1981,2,1,13,-3.5,0
1981,2,2,14,-1,0
1981,2,3,15,0,0
1981,2,4,17,-1,0
1981,2,5,17,1,0
1981,2,6,16.5,0,0
1981,2,7,18,0,0
1981,2,8,18,6.5,0
1981,2,9,11,6.5,7.62
1981,2,10,14,1.5,0
1981,2,11,16,2,0
1981,2,12,19,2.5,0
1981,2,13,19,2.5,0
1981,2,14,22,5,0
1981,2,15,22,5,0
1981,2,16,24,3,0
1981,2,17,25,8,0
1981,2,18,24.5,9.5,0
1981,2,19,26,9,0
1981,2,20,26,7.5,0
1981,2,21,17,0,0
1981,2,22,20,2.5,0
1981,2,23,23,7,0
1981,2,24,24,6,0
1981,2,25,22,7.5,0
1981,2,26,17,7,0
1981,2,27,11,5,3.048
1981,2,28,17.5,3,0
1981,3,1,18,6.5,0
1981,3,2,14.5,1,15.24
1981,3,3,10.5,3.5,0
1981,3,4,12,3,5.08
1981,3,5,15,0.5,4.826
1981,3,6,,,0
1981,3,7,,,0
1981,3,8,15,3,0
1981,3,9,17.5,4,0
1981,3,10,14.5,2.5,1.27
1981,3,11,15.5,5,0
1981,3,12,17.5,2,1.016
1981,3,13,18,8.5,0
1981,3,14,17,1.5,0
1981,3,15,17,5,0
1981,3,16,21,4,0
1981,3,17,20,6,0
1981,3,18,22,7,0
1981,3,19,25,16,6.604
1981,3,20,19,6.5,0
1981,3,21,16,2.5,0
1981,3,22,20,6,0
1981,3,23,24.5,8.5,0
1981,3,24,23,7,0
1981,3,25,24,9,0
1981,3,26,20,13,0
1981,3,27,26,0,0
1981,3,28,14,8,0
1981,3,29,19,4,0
1981,3,30,24,6,0
1981,3,31,23,1.5,0
1981,4,1,26,12,0
1981,4,2,22,4,0
1981,4,3,14,0,7.62
1981,4,4,19,4.5,0
1981,4,5,23,8,0
1981,4,6,29,12,0
1981,4,7,28,9,0
1981,4,8,27,8,0
1981,4,9,27,11,0
1981,4,10,28.5,12,0
1981,4,11,29,13,0
1981,4,12,25,9.5,0
1981,4,13,29,12,0
1981,4,14,31,10,0
1981,4,15,21,9.5,0
1981,4,16,26.5,12.5,0
1981,4,17,23,13,0
1981,4,18,26.5,8.5,0
1981,4,19,26,7.5,0
1981,4,20,26,9,0
1981,4,21,25,10,0
1981,4,22,24,9,0
1981,4,23,18.5,7,2.794
1981,4,24,26,11,0
1981,4,25,31,15,0
1981,4,26,30.5,12,0
1981,4,27,28.5,11.5,0
1981,4,28,30,13,0
1981,4,29,31.5,14.5,0
1981,4,30,32,13,0
1981,5,1,29,10,0
1981,5,2,26,12.5,0
1981,5,3,28.5,11,0
1981,5,4,29,13,0
1981,5,5,29,9.5,0
1981,5,6,30,11,0
1981,5,7,29.5,13.5,0
1981,5,8,28,13,0
1981,5,9,27,10.5,0
1981,5,10,30.5,12.5,0
1981,5,11,31.5,16,0
1981,5,12,31,11.5,0
1981,5,13,31,16,0
1981,5,14,31,18,0
1981,5,15,29,13,0
1981,5,16,32.5,11,0
1981,5,17,,,0
1981,5,18,,,0
1981,5,19,,,0
1981,5,20,31,10,0
1981,5,21,29,11,0
1981,5,22,29.5,14,0
1981,5,23,28.5,12.5,0
1981,5,24,31.5,,0
1981,5,25,,,0
1981,5,26,,,0
1981,5,27,,,0
1981,5,28,,,0
1981,5,29,,,0
1981,5,30,,,0
1981,5,31,,,3.048
1981,6,1,,,0
1981,6,2,,,0
1981,6,3,,,0
1981,6,4,,,0
1981,6,5,,,0
1981,6,6,,,0
1981,6,7,40,15.6,0
1981,6,8,40.6,14.4,0
1981,6,9,40,14.4,0
1981,6,10,40,12.8,0
1981,6,11,40.6,13.9,0
1981,6,12,39.4,13.9,0
1981,6,13,36.7,12.2,0
1981,6,14,35.6,11.7,0
1981,6,15,30.6,8.3,0
1981,6,16,29.4,10,0
1981,6,17,34.4,13.9,0
1981,6,18,39.4,13.9,0
1981,6,19,41.1,13.9,0
1981,6,20,42.8,19.4,0
1981,6,21,42.8,17.2,0
1981,6,22,43.9,17.8,0
1981,6,23,42.8,19.4,0
1981,6,24,41.1,19.4,0
1981,6,25,38.3,14.4,0
1981,6,26,34.4,15,0
1981,6,27,33.9,11.7,34.036
1981,6,28,26.7,13.9,0
1981,6,29,32.8,10.6,0
1981,6,30,16.7,12.8,43.688
1981,7,1,29.4,12.2,0
1981,7,2,35,15,0
1981,7,3,36.7,18.3,0
1981,7,4,39.4,16.7,0
1981,7,5,37.8,16.1,0
1981,7,6,37.2,13.3,0.508
1981,7,7,33.9,14.4,0
1981,7,8,33.9,16.7,0
1981,7,9,31.1,15,0
1981,7,10,30.6,12.2,0.762
1981,7,11,32.2,14.4,0
1981,7,12,33.3,11.1,2.54
1981,7,13,31.1,11.7,17.018
1981,7,14,30,15,0
1981,7,15,31.7,13.3,0
1981,7,16,28.9,12.8,12.954
1981,7,17,26.1,11.1,0
1981,7,18,32.8,13.9,2.794
1981,7,19,34.4,13.9,0.254
1981,7,20,33.9,15,0
1981,7,21,37.8,14.4,0
1981,7,22,36.1,16.7,0
1981,7,23,33.9,13.9,0
1981,7,24,33.9,13.3,0
1981,7,25,31.7,13.9,1.778
1981,7,26,33.9,13.9,0
1981,7,27,30,13.9,3.556
1981,7,28,31.1,12.2,2.54
1981,7,29,30.6,11.7,0.508
1981,7,30,25,12.2,25.908
1981,7,31,23.3,12.2,10.16
1981,8,1,27.2,12.8,0
1981,8,2,28.9,13.3,0
1981,8,3,31.7,16.7,0
1981,8,4,32.2,15,0
1981,8,5,32.2,15.6,3.048
1981,8,6,31.7,15.6,0
1981,8,7,26.1,12.8,0
1981,8,8,28.3,9.4,0
1981,8,9,30.6,13.9,0
1981,8,10,31.1,11.7,1.27
1981,8,11,25,8.3,1.27
1981,8,12,31.1,9.4,0
1981,8,13,33.9,13.9,0.254
1981,8,14,31.1,15.6,0
1981,8,15,33.9,15,0
1981,8,16,36.1,13.3,0
1981,8,17,34.4,13.9,0
1981,8,18,35,15,1.778
1981,8,19,34.4,12.2,4.826
1981,8,20,33.9,10.6,0
1981,8,21,35.6,13.3,0
1981,8,22,37.8,16.1,0
1981,8,23,40.6,16.7,0.508
1981,8,24,38.3,14.4,0
1981,8,25,38.3,17.2,0
1981,8,26,40,15,0
1981,8,27,38.3,12.8,0
1981,8,28,35,13.3,0
1981,8,29,36.7,17.2,0
1981,8,30,37.2,18.9,2.54
1981,8,31,33.9,13.9,0
1981,9,1,32.8,13.9,0
1981,9,2,32.8,13.9,0
1981,9,3,33.3,13.3,0
1981,9,4,30.6,12.2,0
1981,9,5,32.2,10.6,2.032
1981,9,6,32.8,12.8,0
1981,9,7,35.6,16.1,0
1981,9,8,20.6,10,0
1981,9,9,30.6,10.6,0
1981,9,10,33.9,13.3,0
1981,9,11,35,15.6,0
1981,9,12,36.7,17.8,0
1981,9,13,37.8,17.2,0
1981,9,14,35.6,15,0
1981,9,15,32.8,8.9,0
1981,9,16,29.4,9.4,49.276
1981,9,17,27.8,10,0
1981,9,18,27.8,8.9,0
1981,9,19,30,9.4,0
1981,9,20,33.3,11.7,0
1981,9,21,33.9,13.3,0
1981,9,22,23.3,12.8,0
1981,9,23,22.8,8.3,0
1981,9,24,30,12.8,0
1981,9,25,32.2,8.3,0
1981,9,26,32.8,12.8,0
1981,9,27,35.6,12.8,0
1981,9,28,33.3,10.6,4.826
1981,9,29,34.4,13.9,0
1981,9,30,32.8,10,0
1981,10,1,21.7,10.6,4.572
1981,10,2,,,11.176
1981,10,3,,,0
1981,10,4,26.7,5.6,0
1981,10,5,22.8,5.6,0
1981,10,6,21.7,5.6,0.254
1981,10,7,23.9,10.6,0
1981,10,8,27.2,3.3,0
1981,10,9,25.6,7.8,0
1981,10,10,30,17.2,0
1981,10,11,28.9,7.8,0
1981,10,12,32.2,9.4,0
1981,10,13,34.4,10,0
1981,10,14,30,13.9,0
1981,10,15,31.1,3.9,0
1981,10,16,27.2,3.9,0
1981,10,17,27.8,7.8,0
1981,10,18,31.1,16.7,9.144
1981,10,19,31.7,16.1,0
1981,10,20,30,13.9,0
1981,10,21,22.8,1.7,0
1981,10,22,30,,0
1981,10,23,,,0
1981,10,24,,,0
1981,10,25,,,0
1981,10,26,29.4,10,0
1981,10,27,31.7,11.1,0
1981,10,28,33.9,11.1,0
1981,10,29,32.2,1.7,0
1981,10,30,23.9,-1.7,0
1981,10,31,23.9,0,0
1981,11,1,25,0.6,0
1981,11,2,27.2,3.3,0
1981,11,3,30.6,7.2,0
1981,11,4,31.7,12.2,0
1981,11,5,31.1,10,0
1981,11,6,31.1,6.7,0
1981,11,7,23.3,1.1,1.016
1981,11,8,24.4,8.3,0
1981,11,9,22.2,0,0
1981,11,10,19,2,0
1981,11,11,23,4,0
1981,11,12,22.5,6.5,0
1981,11,13,25,8,0
1981,11,14,23,8.5,0
1981,11,15,25.5,7.5,0
1981,11,16,25.5,9.5,0
1981,11,17,25.5,6,0
1981,11,18,23,-2,0
1981,11,19,16,-1.5,0
1981,11,20,19,2.5,0
1981,11,21,21.5,6,0
1981,11,22,22,4,0
1981,11,23,24,5,0
1981,11,24,25.5,6.5,0
1981,11,25,21.5,0,0
1981,11,26,18,6.5,0
1981,11,27,9,6,0
1981,11,28,7,6,0
1981,11,29,13,-1.5,0
1981,11,30,8.5,-4.5,0
1981,12,1,9.5,-3.5,0
1981,12,2,15.5,-1.5,0
1981,12,3,17,3,0
1981,12,4,13.5,2,33.02
1981,12,5,15.5,0.5,0
1981,12,6,18,1.5,0
1981,12,7,20,2.5,0
1981,12,8,21,2,0
1981,12,9,20,0,0
1981,12,10,19,5,0
1981,12,11,19.5,7.5,0
1981,12,12,17.5,14.5,0.508
1981,12,13,15,-0.5,0
1981,12,14,14.5,-0.5,0
1981,12,15,18,1,0
1981,12,16,19,2,0
1981,12,17,17.5,-1,0
1981,12,18,16,1,0
1981,12,19,18,3.5,0
1981,12,20,22,2,0
1981,12,21,22,-0.5,0
1981,12,22,11,-1.5,0
1981,12,23,10.5,-4.5,0
1981,12,24,12,-2,0
1981,12,25,14.5,-3.5,0
1981,12,26,14.5,-1.5,0
1981,12,27,17,-1,0
1981,12,28,16,1,0
1981,12,29,18,1,0
1981,12,30,17.5,1.5,0
1981,12,31,12,0,0
1982,1,1,15,4,1.016
1982,1,2,12,-3,0
1982,1,3,4,-6,3.556
1982,1,4,9,-3,0
1982,1,5,14,2,0.508
1982,1,6,14,1,0
1982,1,7,16,1,0
1982,1,8,9.5,-1.5,0
1982,1,9,15,0,0
1982,1,10,15,0,0
1982,1,11,10,4,5.08
1982,1,12,11,-1.5,6.35
1982,1,13,7,-6,0
1982,1,14,10,-4.5,0
1982,1,15,15.5,-2,0
1982,1,16,16,0,0
1982,1,17,19,2,0
1982,1,18,18.5,9.5,0
1982,1,19,13,3.5,7.366
1982,1,20,15.5,7,0
1982,1,21,15,-1,0
1982,1,22,6.5,-6.5,1.27
1982,1,23,10,-2.5,0
1982,1,24,18.5,2.5,0
1982,1,25,23.5,1,0
1982,1,26,20.5,2,0
1982,1,27,19,1,0
1982,1,28,19,2,0
1982,1,29,4,-5.5,0
1982,1,30,12,-1,0.508
1982,1,31,14,-3,0
1982,2,1,11.5,-5.5,0
1982,2,2,10,-4.5,0
1982,2,3,13.5,-3.5,0
1982,2,4,15,-2,0
1982,2,5,11,-1,0
1982,2,6,14,0.5,0
1982,2,7,16.5,1,0
1982,2,8,10,-6,0
1982,2,9,13,3,0
1982,2,10,15,1,0.762
1982,2,11,13,-1.5,4.064
1982,2,12,12,-0.5,0
1982,2,13,16.5,2,0
1982,2,14,16.5,0,0
1982,2,15,18,2.5,0
1982,2,16,19,2,0
1982,2,17,18,8,0
1982,2,18,12,4.5,1.524
1982,2,19,18,5,0
1982,2,20,20.5,6,0
1982,2,21,23,7,0
1982,2,22,24,7.5,0
1982,2,23,24,8,0
1982,2,24,17,4,3.81
1982,2,25,9,2,0.508
1982,2,26,8.5,-2.5,0
1982,2,27,15,1,0
1982,2,28,20,5,0
1982,3,1,22,11,0
1982,3,2,19,8,0
1982,3,3,19,-1,0
1982,3,4,20,-0.5,0
1982,3,5,11,-4,0
1982,3,6,13,-1,0
1982,3,7,20,3.5,0
1982,3,8,24,4,0
1982,3,9,24,5,0
1982,3,10,25,9,0
1982,3,11,25,9,0
1982,3,12,18,6.5,0
1982,3,13,10.5,1,21.59
1982,3,14,13,4.5,0
1982,3,15,15,2,0
1982,3,16,19.5,3,0
1982,3,17,22,11,0
1982,3,18,21,-3.5,0
1982,3,19,16.5,-4,0
1982,3,20,14,-1.5,0
1982,3,21,17.5,3,0
1982,3,22,21,3,0
1982,3,23,21,3,0
1982,3,24,25,5,0
1982,3,25,24,8,0
1982,3,26,16,6,0
1982,3,27,17.5,5,0
1982,3,28,22,9,0
1982,3,29,16,-1,0
1982,3,30,20,2,0
1982,3,31,22,5,0
1982,4,1,26,6,0.762
1982,4,2,20,1,0
1982,4,3,23,3,0
1982,4,4,23,3,0
1982,4,5,24,11,0
1982,4,6,26,7,0
1982,4,7,,,3.81
1982,4,8,,,0
1982,4,9,,,0
1982,4,10,,,0
1982,4,11,,,0
1982,4,12,,,0
1982,4,13,,,0
1982,4,14,27.5,6,0
1982,4,15,26,10,0
1982,4,16,24,8,0
1982,4,17,27,9.5,0
1982,4,18,25.5,10,0
1982,4,19,26,9,0
1982,4,20,26,7,0
1982,4,21,20,7,0
1982,4,22,17.5,2,0
1982,4,23,17,4,0
1982,4,24,23,8,0
1982,4,25,25,7.5,0
1982,4,26,26,11,0
1982,4,27,28,12,0
1982,4,28,29,12,0
1982,4,29,21,9.5,0
1982,4,30,26,12,0
1982,5,1,23,10,8.636
1982,5,2,21,9,0
1982,5,3,27,11.5,1.016
1982,5,4,24,7,0
1982,5,5,18,6,0
1982,5,6,24,9,0
1982,5,7,27.5,11,0
1982,5,8,28,12,0
1982,5,9,26,8.5,0
1982,5,10,25,9,0
1982,5,11,25,9.5,0
1982,5,12,18.5,5,0
1982,5,13,22,9,0
1982,5,14,27,11,0
1982,5,15,29.5,11,0
1982,5,16,27.5,12.5,0
1982,5,17,30.5,14,0
1982,5,18,32,12,0
1982,5,19,30.5,14,0
1982,5,20,30.5,14.5,0
1982,5,21,32,16,0
1982,5,22,29,10,0
1982,5,23,30,15,0
1982,5,24,31,15,0
1982,5,25,31,14,0
1982,5,26,31,14,0
1982,5,27,22,8.5,1.016
1982,5,28,30,12,0
1982,5,29,32,13,0
1982,5,30,31,11,0
1982,5,31,33.5,13,0
1982,6,1,34,11.5,0
1982,6,2,32,12,0
1982,6,3,31,13.5,0
1982,6,4,34,13,0
1982,6,5,34,15,0
1982,6,6,32,14,0
1982,6,7,34,13,0
1982,6,8,33.5,14,0
1982,6,9,34,16,0
1982,6,10,35,16,0
1982,6,11,34,16,0
1982,6,12,34,17,0
1982,6,13,33.5,18,0
1982,6,14,33,16,0
1982,6,15,32,17,0
1982,6,16,34,19,0
1982,6,17,35.5,13.5,0
1982,6,18,32,16,0
1982,6,19,33,17,0
1982,6,20,35,14,0
1982,6,21,32.5,16,0
1982,6,22,34,15.5,0
1982,6,23,34,16,0
1982,6,24,35,17,0
1982,6,25,36,17,0
1982,6,26,37,19,0
1982,6,27,37,18,0
1982,6,28,37,22,0
1982,6,29,33,19,0
1982,6,30,32,14,4.318
1982,7,1,32,14,0
1982,7,2,33,17,0
1982,7,3,,,0
1982,7,4,31,16,0
1982,7,5,29,17,0
1982,7,6,26,13,13.716
1982,7,7,29,16,0
1982,7,8,32,18,0
1982,7,9,34,18,0
1982,7,10,35,19,0
1982,7,11,37.5,20,0
1982,7,12,36,20.5,0
1982,7,13,37.5,22,0
1982,7,14,37,23,0
1982,7,15,36,21,0
1982,7,16,24,17.5,3.048
1982,7,17,33.5,17,1.778
1982,7,18,33,20,0
1982,7,19,35,19,0
1982,7,20,36,18,2.54
1982,7,21,34.5,18,0
1982,7,22,35,17,0
1982,7,23,34.5,20,0
1982,7,24,32,16,6.858
1982,7,25,31.5,17,0
1982,7,26,30.5,16.5,4.572
1982,7,27,29,18,0.254
1982,7,28,31,20,0
1982,7,29,31,18,0.254
1982,7,30,29,17,0
1982,7,31,30,15,0
1982,8,1,31,19,1.27
1982,8,2,30,17,6.604
1982,8,3,30,17,0
1982,8,4,31.5,17,2.032
1982,8,5,32,17,0.254
1982,8,6,31.5,16.5,18.542
1982,8,7,34,20,0
1982,8,8,33,18,0
1982,8,9,32,18,0
1982,8,10,33,18,0.254
1982,8,11,31,18,0.254
1982,8,12,27.5,17,0
1982,8,13,28.5,16.5,0
1982,8,14,27,17,0
1982,8,15,30,17,0
1982,8,16,34,17.5,0
1982,8,17,34,18,0
1982,8,18,34,16,0
1982,8,19,33,19,1.778
1982,8,20,34,16,5.334
1982,8,21,33,19,0
1982,8,22,31,17,0
1982,8,23,32,18,0
1982,8,24,23.5,15.5,1.27
1982,8,25,31,18,0
1982,8,26,30,17,21.59
1982,8,27,30,18.5,0
1982,8,28,32.5,18,1.27
1982,8,29,30,15,12.192
1982,8,30,29,16,0
1982,8,31,31,18,0
1982,9,1,33,18.5,0
1982,9,2,36,16,8.89
1982,9,3,31,18,0
1982,9,4,32,17,0
1982,9,5,32.5,18.5,0
1982,9,6,34,16,0
1982,9,7,31,17,0
1982,9,8,27.5,16,0.254
1982,9,9,30,15,21.336
1982,9,10,22.5,12,14.478
1982,9,11,21.5,10,8.128
1982,9,12,22,11,0
1982,9,13,25.5,12,0
1982,9,14,26,12,0
1982,9,15,29,12.5,0
1982,9,16,29,13,0
1982,9,17,28,12,0
1982,9,18,30,13,13.716
1982,9,19,25,14,0
1982,9,20,28,15,0
1982,9,21,26,12.5,0
1982,9,22,30,16.5,0
1982,9,23,32,20,0
1982,9,24,34,16,0
1982,9,25,34,18,0
1982,9,26,32,16,0
1982,9,27,27,10.5,0
1982,9,28,26,7.5,0
1982,9,29,27,18,0
1982,9,30,30,8,0
1982,10,1,26,6,0
1982,10,2,27.5,10,0
1982,10,3,29.5,13,0
1982,10,4,31,14,0
1982,10,5,30.5,10,0
1982,10,6,29,11,0
1982,10,7,28.5,10,0
1982,10,8,24.5,2,0
1982,10,9,21,3,0
1982,10,10,25,4,0
1982,10,11,21.5,4,0
1982,10,12,20.5,3,0
1982,10,13,19,4.5,0
1982,10,14,22,7,0
1982,10,15,25,12,0
1982,10,16,23,7,0
1982,10,17,28,11,0
1982,10,18,28,10,0
1982,10,19,27,8,0
1982,10,20,22,5,0
1982,10,21,25,9,0
1982,10,22,26,9,0
1982,10,23,26,9,0
1982,10,24,28,11,0
1982,10,25,28,11.5,0
1982,10,26,29,15,0
1982,10,27,24,2,0
1982,10,28,19,2,0
1982,10,29,22.5,7,0
1982,10,30,25,6,0
1982,10,31,23,6,0
1982,11,1,21,4,0
1982,11,2,19,3,0
1982,11,3,13,-2,0
1982,11,4,18,0.5,0
1982,11,5,21.5,2,0
1982,11,6,23,5,0
1982,11,7,23.5,11.5,0
1982,11,8,20,8.5,0
1982,11,9,17,9,17.78
1982,11,10,16,2,2.54
1982,11,11,10,-2.5,1.016
1982,11,12,14.5,-1,0
1982,11,13,15.5,5,0
1982,11,14,18.5,1,0
1982,11,15,17,7,0
1982,11,16,16,8.5,0
1982,11,17,113,6.5,0
1982,11,18,14,4,0
1982,11,19,17.5,4,0
1982,11,20,18,3,0
1982,11,21,19,3.5,5.588
1982,11,22,18,5,0
1982,11,23,17,2,0
1982,11,24,2.5,-2,40.132
1982,11,25,4,1,0
1982,11,26,2,0.5,0
1982,11,27,9,0.5,0
1982,11,28,13,1,0
1982,11,29,13,4,0
1982,11,30,14.5,-1,0
1982,12,1,1,-1.5,11.938
1982,12,2,4.5,-4,
1982,12,3,8,-3.5,
1982,12,4,11.5,-1,
1982,12,5,15,-1,
1982,12,6,15,-1.5,
1982,12,7,17,4,
1982,12,8,7,1,23.876
1982,12,9,3,2,
1982,12,10,11,-0.5,
1982,12,11,10,-0.5,
1982,12,12,7,0,
1982,12,13,8.5,1,
1982,12,14,11,0,
1982,12,15,10.5,-1,
1982,12,16,13.5,-1.5,9.398
1982,12,17,16.5,1,
1982,12,18,17,1.5,
1982,12,19,17.5,-0.5,
1982,12,20,18,3,
1982,12,21,18,5,
1982,12,22,15,7,
1982,12,23,12,2.5,
1982,12,24,4.5,-5,20.066
1982,12,25,-1,-3.5,
1982,12,26,0,-6,
1982,12,27,7.5,-3,
1982,12,28,7,-5.5,
1982,12,29,6,-3.5,
1982,12,30,4,-1,
1982,12,31,-1,-10,
1983,1,1,3.5,-11,
1983,1,2,3,-5,
1983,1,3,5,-8,
1983,1,4,,,
1983,1,5,9,-3.5,
1983,1,6,11.5,-3,0
1983,1,7,14.5,-1,0
1983,1,8,13,-3,0
1983,1,9,13.5,-1,0
1983,1,10,13,-2,0
1983,1,11,14,-2,0
1983,1,12,14,0,0
1983,1,13,16.5,1.5,0
1983,1,14,15,4,0
1983,1,15,10,-3,4.064
1983,1,16,14,4,
1983,1,17,13,1.5,
1983,1,18,15,0,
1983,1,19,13,-2,
1983,1,20,5.5,-4.5,
1983,1,21,6.5,-7,
1983,1,22,10,-2,
1983,1,23,13,-1,0
1983,1,24,12.5,-0.5,0
1983,1,25,13,-2,0
1983,1,26,15,-0.5,0
1983,1,27,17.5,1.5,0
1983,1,28,10,-3,0
1983,1,29,14.5,4,0
1983,1,30,4.5,-1,0
1983,1,31,6,-4.5,0
1983,2,1,6.5,-5,0
1983,2,2,6.5,-2,0
1983,2,3,6,0,20.574
1983,2,4,8.5,-2,0
1983,2,5,8,-1,1.524
1983,2,6,7.5,-2.5,1.016
1983,2,7,10.5,-2,0
1983,2,8,16,-2,0.762
1983,2,9,11,2.5,
1983,2,10,11.5,-2,
1983,2,11,14.5,-1,
1983,2,12,16,0,
1983,2,13,18,4.5,
1983,2,14,12,-2,
1983,2,15,16,2,
1983,2,16,18,0,
1983,2,17,18.5,2.5,0
1983,2,18,21,,0
1983,2,19,,,0
1983,2,20,13,-0.5,0
1983,2,21,,,0
1983,2,22,,,0
1983,2,23,,,0
1983,2,24,,,0
1983,2,25,,,1.016
1983,2,26,15.5,-0.5,0
1983,2,27,15,1.5,0
1983,2,28,18.5,4,0
1983,3,1,18,6,1.778
1983,3,2,16,5,9.144
1983,3,3,7,1,0.508
1983,3,4,8.5,3,0
1983,3,5,11.5,4,0
1983,3,6,14,0,0
1983,3,7,14.5,1,0
1983,3,8,16.5,4,0
1983,3,9,18,1,0
1983,3,10,21,6.5,0
1983,3,11,20.5,4.5,0
1983,3,12,19,3,0
1983,3,13,21.5,3,0
1983,3,14,20,4,0.508
1983,3,15,12,-4,0
1983,3,16,14.5,0,0
1983,3,17,17.5,8,0
1983,3,18,15,-1.5,1.27
1983,3,19,6,-1,11.684
1983,3,20,10.5,-2,0
1983,3,21,15.5,-0.5,0
1983,3,22,12,-1.5,0
1983,3,23,13.5,0,0
1983,3,24,,,0
1983,3,25,,,7.874
1983,3,26,11,-2,0
1983,3,27,16,1.5,0
1983,3,28,19,1.5,0
1983,3,29,18.5,2.5,0
1983,3,30,22,5.5,0
1983,3,31,24,6,0
1983,4,1,17.5,1.5,0
1983,4,2,21.5,8.5,0
1983,4,3,21,0,0
1983,4,4,11,-4,0
1983,4,5,-3.5,-4,0
1983,4,6,-0.5,-4,6.35
1983,4,7,-0.5,-4,0
1983,4,8,9.5,-2.5,0
1983,4,9,17,2.5,0
1983,4,10,22,10,0
1983,4,11,17.5,3.5,0
1983,4,12,12,-3.5,3.048
1983,4,13,10.5,-2.5,0
1983,4,14,13.5,-3.5,0
1983,4,15,18,2,0
1983,4,16,23,7,0
1983,4,17,24.5,8,0
1983,4,18,23.5,4,0
1983,4,19,22.5,6,0
1983,4,20,19,1.5,0
1983,4,21,18,0.5,0
1983,4,22,18.5,3.5,0
1983,4,23,23.5,5,0
1983,4,24,26,5.5,0
1983,4,25,25,6,0
1983,4,26,23,7,0
1983,4,27,25,9,0
1983,4,28,26,9,0
1983,4,29,24,6,0
1983,4,30,24,7,0
1983,5,1,21.5,5.5,0
1983,5,2,17.5,5,0
1983,5,3,23,5.5,0
1983,5,4,28,6,0
1983,5,5,27.5,6,0
1983,5,6,26.5,4.5,0
1983,5,7,26.5,8.5,0
1983,5,8,28,8,0
1983,5,9,27,7,0
1983,5,10,26,12,0
1983,5,11,27,8,0
1983,5,12,27,9,0
1983,5,13,23,8.5,0
1983,5,14,23,6,0
1983,5,15,25,7.5,0
1983,5,16,27,9,0
1983,5,17,22,4,0
1983,5,18,24.5,6,0
1983,5,19,26,4,0
1983,5,20,23.3,7,0
1983,5,21,28,13,0
1983,5,22,30.5,15,0
1983,5,23,32.5,14.5,0
1983,5,24,33,15.5,0
1983,5,25,32,14,0
1983,5,26,32.5,13.5,0
1983,5,27,32.5,17,0
1983,5,28,33,9.5,0.254
1983,5,29,32,15,0
1983,5,30,33,17,0
1983,5,31,31.5,18,0
1983,6,1,30,14,0
1983,6,2,28.5,10,0
1983,6,3,31,12,0
1983,6,4,31,11.5,0
1983,6,5,29.5,12,0
1983,6,6,30,12,0
1983,6,7,31.5,12,0
1983,6,8,31.5,13.5,0
1983,6,9,31,14,0
1983,6,10,32,14,0
1983,6,11,33.5,17.5,0
1983,6,12,31,12.5,0
1983,6,13,30.5,12.5,0
1983,6,14,32,15.5,0
1983,6,15,33.5,16.5,0
1983,6,16,34,15,0
1983,6,17,34.5,15,0
1983,6,18,35.5,15,0
1983,6,19,35,15.5,0
1983,6,20,34.5,15.5,0
1983,6,21,34,20.5,0
1983,6,22,28,19.5,0
1983,6,23,26.5,10.5,0
1983,6,24,31.5,14,0
1983,6,25,32,12.5,0
1983,6,26,32.5,14.5,0
1983,6,27,31,15,0
1983,6,28,33,16,0
1983,6,29,34.5,15.5,0
1983,6,30,34,12,0
1983,7,1,35,14.5,0
1983,7,2,35.5,13.5,0
1983,7,3,36.5,13,0
1983,7,4,37,20.5,0
1983,7,5,36,15.5,0
1983,7,6,31.5,18.5,4.064
1983,7,7,29.5,17.5,0.254
1983,7,8,32,16,0
1983,7,9,31.5,16,12.954
1983,7,10,32,15,13.716
1983,7,11,31,16,0
1983,7,12,28.5,15,0
1983,7,13,33,15.5,0
1983,7,14,34,17,0
1983,7,15,34,18,0
1983,7,16,34.5,17.5,14.478
1983,7,17,34,19.5,0
1983,7,18,33.5,21,0
1983,7,19,34,18.5,0
1983,7,20,34,15,1.778
1983,7,21,30.5,15,1.524
1983,7,22,29,16.5,3.81
1983,7,23,31,15,0
1983,7,24,31,14.5,10.16
1983,7,25,28.5,16,19.05
1983,7,26,27,14,0
1983,7,27,25.5,14.5,0
1983,7,28,30,17.5,1.524
1983,7,29,32,18.5,5.588
1983,7,30,31,19,0
1983,7,31,32,19.5,0
1983,8,1,32,19.5,0
1983,8,2,33,21,0
1983,8,3,33,21,1.524
1983,8,4,32,20,0
1983,8,5,33.5,21,0
1983,8,6,33,19.5,0
1983,8,7,33.5,19.5,0
1983,8,8,32,18.5,1.778
1983,8,9,31,19,0
1983,8,10,29,19,0
1983,8,11,30.5,18.5,0
1983,8,12,31.5,20,0
1983,8,13,33,20,0.254
1983,8,14,31.5,19,0
1983,8,15,31.5,17.5,0
1983,8,16,31,17.5,0.762
1983,8,17,28,16.5,0
1983,8,18,30,17.5,0
1983,8,19,30,17.5,0
1983,8,20,31.5,17.5,0
1983,8,21,33,19.5,0
1983,8,22,32,19.5,0
1983,8,23,33,19,0
1983,8,24,33,20,0
1983,8,25,35,21.5,0.254
1983,8,26,33,19.5,0
1983,8,27,35,22,0
1983,8,28,33.5,18,0
1983,8,29,32,18.5,0
1983,8,30,33,19.5,0
1983,8,31,35,22,0
1983,9,1,33,17.5,0
1983,9,2,35.5,21.5,0
1983,9,3,36,18.5,0
1983,9,4,34,17,0
1983,9,5,,,0
1983,9,6,32,20,3.81
1983,9,7,31.5,19.5,
1983,9,8,34,18,
1983,9,9,34.5,20,
1983,9,10,33.5,18.5,
1983,9,11,31.5,19,
1983,9,12,33,20,
1983,9,13,30,18,
1983,9,14,31,17.5,
1983,9,15,32.5,19,8.636
1983,9,16,27.5,16.5,
1983,9,17,30,16,
1983,9,18,30,18,
1983,9,19,31,17.5,
1983,9,20,29,13,
1983,9,21,27,16.5,
1983,9,22,30.5,15,
1983,9,23,30,15.5,
1983,9,24,23.5,16,
1983,9,25,27.5,17.5,0
1983,9,26,31,17,0
1983,9,27,26.5,14,21.59
1983,9,28,15.5,13,16.764
1983,9,29,20.5,14,2.54
1983,9,30,18.5,14.5,20.828
1983,10,1,24,14,23.876
1983,10,2,17,13,37.084
1983,10,3,22.5,13,5.842
1983,10,4,19.5,12.5,1.27
1983,10,5,26,14,0
1983,10,6,26.5,14,0
1983,10,7,27,14,0
1983,10,8,25.5,14,0
1983,10,9,26.5,14.5,0
1983,10,10,28.5,13,0
1983,10,11,26,12,0
1983,10,12,24,11,0
1983,10,13,26,16,0
1983,10,14,25.5,11,0
1983,10,15,24,13,0
1983,10,16,24,13.5,0
1983,10,17,25,14,0
1983,10,18,23.5,11,0
1983,10,19,24,12.5,10.922
1983,10,20,20,10,0
1983,10,21,22.5,10.5,0
1983,10,22,24.5,11,0
1983,10,23,25,12,0
1983,10,24,23.5,12.5,0
1983,10,25,14.5,11.5,0.254
1983,10,26,13.5,11.5,1.016
1983,10,27,16.5,8,9.144
1983,10,28,19.5,11,0
1983,10,29,23,12.5,0
1983,10,30,25,12.5,0
1983,10,31,24.5,11.5,0
1983,11,1,24,12,0
1983,11,2,22.5,13.5,0
1983,11,3,20,11,19.812
1983,11,4,19.5,9,0
1983,11,5,20.5,9.5,0
1983,11,6,22.5,9.5,0
1983,11,7,,,0
1983,11,8,21,6.5,0
1983,11,9,20,7,0
1983,11,10,20,8.5,0
1983,11,11,19,9,0
1983,11,12,23,8,0
1983,11,13,22,8,0
1983,11,14,19.5,7,0
1983,11,15,20.5,8.5,0
1983,11,16,23,7,0
1983,11,17,23,10.5,0
1983,11,18,22.5,5.5,0
1983,11,19,15.5,4,0
1983,11,20,21,12.5,0
1983,11,21,16,1,12.446
1983,11,22,14,0,3.556
1983,11,23,10,0,0
1983,11,24,14,3.5,0
1983,11,25,18.5,2,8.128
1983,11,26,8,0.5,1.778
1983,11,27,11,0.5,0
1983,11,28,13.5,1.5,0
1983,11,29,14.5,2.5,0
1983,11,30,15.5,,0
1983,12,1,,,0
1983,12,2,,,22.352
1983,12,3,,,0
1983,12,4,18,2.5,1.016
1983,12,5,14,1,0
1983,12,6,13.5,0.5,0
1983,12,7,17.5,3.5,0
1983,12,8,17.5,5,0
1983,12,9,20,6,0
1983,12,10,19,4,0
1983,12,11,21,,0
1983,12,12,17,1,0
1983,12,13,13,-0.5,0
1983,12,14,13.5,0,0
1983,12,15,17,1,0
1983,12,16,17,2.5,0
1983,12,17,18,2,0
1983,12,18,13.5,-3.5,0
1983,12,19,14.5,4,0
1983,12,20,16.5,2.5,0
1983,12,21,14.5,0.5,0
1983,12,22,17,3,0
1983,12,23,16.5,3.5,0
1983,12,24,17,-4.5,0
1983,12,25,5,0,0
1983,12,26,7,4.5,3.556
1983,12,27,12.5,8,0
1983,12,28,10,-5,0.508
1983,12,29,4,-4.5,0
1983,12,30,10,-2.5,0
1983,12,31,13.5,0,0
1984,1,1,16,2,0
1984,1,2,2.5,1.5,4.572
1984,1,3,7,-1,0
1984,1,4,11,2.5,0
1984,1,5,14,3.5,12.446
1984,1,6,12.5,5,0
1984,1,7,13,5,0.508
1984,1,8,12,0,7.112
1984,1,9,14,2.5,0
1984,1,10,8.5,-4,0
1984,1,11,10,-2.5,0
1984,1,12,10,1,0
1984,1,13,12,3,0
1984,1,14,14.5,0,0.762
1984,1,15,13.5,-1,
1984,1,16,14,1,
1984,1,17,11,-4.5,
1984,1,18,10.5,-2,
1984,1,19,12,-4.5,
1984,1,20,12,-4.5,0
1984,1,21,10.5,-3.5,0
1984,1,22,12.5,-4,0
1984,1,23,10.5,-3.5,0
1984,1,24,12,-2,0
1984,1,25,14,0,0
1984,1,26,16.5,0,0
1984,1,27,14.5,-1,0
1984,1,28,17,1,0
1984,1,29,18,4.5,0
1984,1,30,11,-2.5,0
1984,1,31,13.5,-1,0
1984,2,1,16,1.5,0
1984,2,2,17,1.5,0
1984,2,3,18.5,2,0
1984,2,4,17,-1,0
1984,2,5,14.5,0,0
1984,2,6,16,0.5,0
1984,2,7,17.5,0.5,0
1984,2,8,16,0,0
1984,2,9,18,0.5,0
1984,2,10,19,-1.5,0
1984,2,11,12,-3,0
1984,2,12,14,0,0
1984,2,13,19,4,0
1984,2,14,19.5,-3,0
1984,2,15,16,2,0
1984,2,16,20,5,0
1984,2,17,11.5,-4,0
1984,2,18,13,0.5,0
1984,2,19,12.5,-3.5,0
1984,2,20,7,-4.5,0
1984,2,21,14.5,-1,0
1984,2,22,18.5,-1.5,0
1984,2,23,16,1.5,0
1984,2,24,19,2,0
1984,2,25,17.5,-1.5,0
1984,2,26,10.5,-2.5,0
1984,2,27,13,-1.5,0
1984,2,28,15.5,0,0
1984,2,29,19,5.5,0
1984,3,1,21,6,0
1984,3,2,21,2,0
1984,3,3,20.5,9.5,0
1984,3,4,18.5,0.5,0
1984,3,5,6.5,-6,0
1984,3,6,13,-1,0
1984,3,7,18,3,0
1984,3,8,20.5,3.5,0
1984,3,9,20,2.5,0
1984,3,10,20,13,0
1984,3,11,19.5,5,0
1984,3,12,22,6,0
1984,3,13,23,8,0
1984,3,14,23.5,6,0
1984,3,15,23,6,0
1984,3,16,23.5,4,0
1984,3,17,24,6,0
1984,3,18,18,0,0
1984,3,19,20,4.5,0
1984,3,20,23.5,6.5,0
1984,3,21,24,7.5,0
1984,3,22,20,1,0
1984,3,23,16,4,0
1984,3,24,21.5,5,0
1984,3,25,21,8,0
1984,3,26,21,10.5,0
1984,3,27,17,0,0
1984,3,28,17,1.5,0
1984,3,29,22,8,0
1984,3,30,20.5,1.5,0
1984,3,31,22.5,11,0
1984,4,1,18,-1,0
1984,4,2,15.5,1.5,0
1984,4,3,19.5,6,0
1984,4,4,22.5,6.5,0
1984,4,5,25,12,0
1984,4,6,20.5,4,2.794
1984,4,7,13,2,0.762
1984,4,8,21,5,0
1984,4,9,22,2.5,0
1984,4,10,23,6,0
1984,4,11,25.5,6.5,0
1984,4,12,25,7.5,0
1984,4,13,25.5,8,0
1984,4,14,24,6,0
1984,4,15,24.5,7,0
1984,4,16,26,8,0
1984,4,17,28,13,0
1984,4,18,26,13,0
1984,4,19,25,9,0
1984,4,20,16.5,1.5,0
1984,4,21,20,5.5,0
1984,4,22,23,6.5,0
1984,4,23,26.5,10,0
1984,4,24,26,12,0
1984,4,25,23.5,10.5,0
1984,4,26,15.5,1,0
1984,4,27,20.5,4.5,0
1984,4,28,20,3,0
1984,4,29,18,3.5,0
1984,4,30,25.5,6.5,0
1984,5,1,24,6.5,0
1984,5,2,25,10,0
1984,5,3,27.5,9.5,0
1984,5,4,30,15.5,0
1984,5,5,29,12,0
1984,5,6,28,11,0
1984,5,7,27.5,12,0
1984,5,8,26,11,0
1984,5,9,31,14.5,0
1984,5,10,32,15,0
1984,5,11,32,13.5,0
1984,5,12,31,14.5,0
1984,5,13,32.5,13.5,0
1984,5,14,30,16,2.286
1984,5,15,26.5,,0.254
1984,5,16,27.5,11,0
1984,5,17,28.5,11,0
1984,5,18,29,13,0
1984,5,19,30,13,0
1984,5,20,31,13.5,0
1984,5,21,31.5,13,0
1984,5,22,32.5,15.5,0
1984,5,23,34.5,21,0
1984,5,24,35.5,18,0
1984,5,25,33.5,16,0
1984,5,26,34,16.5,0
1984,5,27,34.5,17.5,0
1984,5,28,31,16,0
1984,5,29,31,15.5,0
1984,5,30,31,18,0
1984,5,31,31.5,19,0
1984,6,1,31.5,17.5,0
1984,6,2,27,13.5,2.54
1984,6,3,28,11,0
1984,6,4,27,16.5,0
1984,6,5,25,13,0
1984,6,6,27.5,15,0
1984,6,7,30,13.5,0
1984,6,8,31,16.5,0
1984,6,9,32,14.5,0
1984,6,10,32.5,15,0
1984,6,11,31.5,14.5,0
1984,6,12,31.5,,0
1984,6,13,32.5,14.5,0
1984,6,14,31.5,18,0
1984,6,15,32,15.5,0
1984,6,16,30.5,16.5,0
1984,6,17,31.5,16,0
1984,6,18,33,16,7.366
1984,6,19,26.5,14.5,0
1984,6,20,32,15.5,0
1984,6,21,34,17,0
1984,6,22,32,19.5,0
1984,6,23,32.5,20.5,0
1984,6,24,24.5,15,5.588
1984,6,25,26.5,15.5,5.842
1984,6,26,29,17,0
1984,6,27,29,16.5,0
1984,6,28,31.5,18,0
1984,6,29,31.5,15.5,0
1984,6,30,32.5,17.5,0
1984,7,1,32.5,17.5,0
1984,7,2,31.5,19,0
1984,7,3,32.5,16.5,0.508
1984,7,4,35,16,8.636
1984,7,5,32.5,19,0
1984,7,6,32,18.5,0
1984,7,7,31.5,18,0
1984,7,8,33,18.5,0
1984,7,9,34,18.5,0
1984,7,10,34,17.5,7.112
1984,7,11,32,15,9.906
1984,7,12,28.5,16.5,0
1984,7,13,31.5,16,0
1984,7,14,31.5,17,0
1984,7,15,33,18,0
1984,7,16,33.5,16.5,0.762
1984,7,17,32,16,0.762
1984,7,18,31.5,17,2.54
1984,7,19,30.5,14.5,0
1984,7,20,30.5,15.5,0
1984,7,21,,,6.858
1984,7,22,,,0
1984,7,23,,,2.286
1984,7,24,,,0
1984,7,25,,,0
1984,7,26,,,0.254
1984,7,27,,,0
1984,7,28,,,0
1984,7,29,,,0
1984,7,30,,,0
1984,7,31,32.5,19.5,0.254
1984,8,1,31,19,0
1984,8,2,31,17.5,0
1984,8,3,32.5,17,0.254
1984,8,4,28,16.5,0
1984,8,5,26.5,16,0.762
1984,8,6,31,16.5,0
1984,8,7,32.5,17.5,0
1984,8,8,29,15.5,8.128
1984,8,9,,,0.508
1984,8,10,,,18.034
1984,8,11,,,2.286
1984,8,12,,,1.016
1984,8,13,,,17.78
1984,8,14,,,0
1984,8,15,,,2.54
1984,8,16,,,0
1984,8,17,,,0
1984,8,18,,,0.762
1984,8,19,,,0
1984,8,20,,,0
1984,8,21,30,15.5,6.35
1984,8,22,30,15.5,0
1984,8,23,28.5,14,0
1984,8,24,28,18,0
1984,8,25,28,14.5,4.572
1984,8,26,26.5,14.5,15.494
1984,8,27,30,15.5,0
1984,8,28,29.5,18,0
1984,8,29,31.5,19,0
1984,8,30,31.5,16.5,0
1984,8,31,30.5,17,0
1984,9,1,28,,0
1984,9,2,29.5,15,0
1984,9,3,28,15.5,0
1984,9,4,27.5,12,0
1984,9,5,26.5,11,0
1984,9,6,28,15.5,0
1984,9,7,30,16,0
1984,9,8,31,16,0
1984,9,9,31,17,0
1984,9,10,31.5,14,7.62
1984,9,11,27,16.5,0.254
1984,9,12,28.5,17,0
1984,9,13,31.5,17,0
1984,9,14,32,16.5,0
1984,9,15,28,13.5,0
1984,9,16,27,13.5,0
1984,9,17,28,14.5,0
1984,9,18,28.5,13.5,0
1984,9,19,28.5,16,0
1984,9,20,31,14,0
1984,9,21,27.5,13,13.208
1984,9,22,27,14,0
1984,9,23,28.5,13,0
1984,9,24,29,16,0
1984,9,25,26.5,,2.286
1984,9,26,25.5,9,0
1984,9,27,,,0
1984,9,28,,,0
1984,9,29,24.5,14.5,0
1984,9,30,25,,0
1984,10,1,,,0
1984,10,2,,,20.574
1984,10,3,,,0
1984,10,4,,,0
1984,10,5,,,0
1984,10,6,,,0
1984,10,7,,,0
1984,10,8,,,0
1984,10,9,,,0
1984,10,10,,,0
1984,10,11,,,0
1984,10,12,,,0
1984,10,13,,,0
1984,10,14,,,0
1984,10,15,,,0
1984,10,16,,,0
1984,10,17,,,0
1984,10,18,,,0
1984,10,19,,,0
1984,10,20,,,11.684
1984,10,21,,,0
1984,10,22,,,0
1984,10,23,,,5.334
1984,10,24,,,16.256
1984,10,25,,,0
1984,10,26,,,2.032
1984,10,27,,,0
1984,10,28,,,0
1984,10,29,,,0
1984,10,30,23,8,0
1984,10,31,23.5,6.5,0
1984,11,1,21.5,7,0
1984,11,2,23,6.5,0
1984,11,3,23,7,0
1984,11,4,24,6.5,0
1984,11,5,24,7,0
1984,11,6,26,9.5,0
1984,11,7,25,8.5,0
1984,11,8,24,4,0
1984,11,9,18.5,4.5,0
1984,11,10,18.5,3,0
1984,11,11,21,4,0
1984,11,12,23,8.5,0
1984,11,13,24,5,0
1984,11,14,22,6.5,0
1984,11,15,22,6,0
1984,11,16,16,7,0
1984,11,17,15,1,0
1984,11,18,15.5,5,0
1984,11,19,13,-0.5,0
1984,11,20,12,-1,0
1984,11,21,11,2,0
1984,11,22,11.5,2,0
1984,11,23,9,1,18.034
1984,11,24,9.5,3.5,0
1984,11,25,9,1,0.762
1984,11,26,6,-4,0
1984,11,27,8.5,-4,0
1984,11,28,14,3,0
1984,11,29,15,-1,0
1984,11,30,14,0.5,0
1984,12,1,12,-2,0
1984,12,2,14.5,2,0
1984,12,3,15.5,2.5,1.778
1984,12,4,8.5,-2.5,5.08
1984,12,5,6.5,-0.5,0
1984,12,6,9,-1,0
1984,12,7,13,4.5,0
1984,12,8,18,2,0
1984,12,9,15.5,1,0
1984,12,10,17.5,6,10.414
1984,12,11,,,0
1984,12,12,,,14.478
1984,12,13,,,4.572
1984,12,14,,,0.762
1984,12,15,,,0
1984,12,16,,,0
1984,12,17,,,0
1984,12,18,17.5,5,0
1984,12,19,9,6.5,16.51
1984,12,20,14,-2,0
1984,12,21,9,-0.5,0
1984,12,22,11,0,0
1984,12,23,10,0,0
1984,12,24,14.5,5,0
1984,12,25,16,3,0
1984,12,26,13,7.5,0
1984,12,27,13.5,6.5,25.146
1984,12,28,14.5,0.5,0
1984,12,29,11.5,1,0
1984,12,30,12.5,-0.5,0
1984,12,31,11.5,-1.5,0
1985,1,1,9,-1.5,0
1985,1,2,4,-3.5,0
1985,1,3,6.5,-4,0
1985,1,4,10.5,-1,0
1985,1,5,13,-2,0
1985,1,6,14.5,1.5,0
1985,1,7,9,3,0
1985,1,8,13,0,0
1985,1,9,9,0,0.254
1985,1,10,13,0,0
1985,1,11,14,-2,0
1985,1,12,-2,-5.5,0
1985,1,13,0,-3.5,0
1985,1,14,1,0.5,0.508
1985,1,15,7,0.5,3.048
1985,1,16,6.5,-3,1.778
1985,1,17,9,-2,0
1985,1,18,14,0,0
1985,1,19,17,2,0
1985,1,20,13,-3,0
1985,1,21,10.5,-0.5,0
1985,1,22,11,1,0
1985,1,23,8,3,5.08
1985,1,24,7,3,0
1985,1,25,11,2,0
1985,1,26,,,7.874
1985,1,27,10,0,0.762
1985,1,28,9,1,
1985,1,29,12,4.5,
1985,1,30,10,-1,
1985,1,31,5,-2,
1985,2,1,1,-6,
1985,2,2,5,-3.5,
1985,2,3,5,-1,0.508
1985,2,4,4,-3.5,5.08
1985,2,5,1.5,-5.5,6.858
1985,2,6,5.5,-3.5,0
1985,2,7,11,-1.5,0
1985,2,8,14,1,0
1985,2,9,14,2.5,0
1985,2,10,14,-1.5,0
1985,2,11,11,-1,0
1985,2,12,16,2,0
1985,2,13,18.5,3.5,0
1985,2,14,17,3.5,0
1985,2,15,19.5,4.5,0
1985,2,16,22,7,0
1985,2,17,23,7,0
1985,2,18,21,7.5,0
1985,2,19,20,7,0
1985,2,20,19,6.5,0
1985,2,21,8,-1,0
1985,2,22,8,4,13.716
1985,2,23,7,-1.5,1.27
1985,2,24,10,-1,0
1985,2,25,16,4,0
1985,2,26,17.5,3,0
1985,2,27,13,2.5,1.016
1985,2,28,12.5,3,7.366
1985,3,1,17,4,0
1985,3,2,20,2,0
1985,3,3,7,-1,0
1985,3,4,11,0,0
1985,3,5,18,7,0
1985,3,6,19,5,0
1985,3,7,20,5,0
1985,3,8,21,8,0
1985,3,9,25,11,0
1985,3,10,25,8,0
1985,3,11,24.5,9,0
1985,3,12,18,4,0
1985,3,13,17,6.5,0.762
1985,3,14,9,5,7.366
1985,3,15,11.5,1,0
1985,3,16,12.5,4.5,0
1985,3,17,13,2.5,0
1985,3,18,17.5,6,0
1985,3,19,10,-0.5,0
1985,3,20,17,5.5,0
1985,3,21,19,6,0
1985,3,22,18,4,0
1985,3,23,19.5,6.5,0
1985,3,24,22,6.5,0
1985,3,25,21.5,14,0
1985,3,26,21,4,0
1985,3,27,23,8.5,0
1985,3,28,22,2,0
1985,3,29,8,-1,1.27
1985,3,30,11,1,0
1985,3,31,17,3.5,0
1985,4,1,19.5,5,0
1985,4,2,24.5,9,0
1985,4,3,26,10,0
1985,4,4,23.5,8,0
1985,4,5,23.5,6,0
1985,4,6,24,9,0
1985,4,7,25.5,8.5,0
1985,4,8,23,8,0
1985,4,9,23,10,0
1985,4,10,24,12,0
1985,4,11,26,11,0
1985,4,12,27,9.5,0
1985,4,13,27,10.5,0
1985,4,14,26.5,12,0
1985,4,15,28.5,12,0
1985,4,16,27,12,0
1985,4,17,25,10,0
1985,4,18,23,3,0
1985,4,19,23.5,7,0
1985,4,20,25,10,0
1985,4,21,19,7.5,0
1985,4,22,20.5,5,0
1985,4,23,23,9,0
1985,4,24,27,10,0
1985,4,25,25,9,0
1985,4,26,15,3,7.874
1985,4,27,10,2,16.002
1985,4,28,10,3,2.286
1985,4,29,21,7.5,0
1985,4,30,25,12,0
1985,5,1,26.5,12,0
1985,5,2,26,11,0
1985,5,3,26,12,0
1985,5,4,27,10,0
1985,5,5,23.5,11,0
1985,5,6,21,12,0
1985,5,7,26.5,14,0
1985,5,8,28,17,0
1985,5,9,30,20.5,0
1985,5,10,26,6.5,0
1985,5,11,24.5,6,0
1985,5,12,24.5,9.5,0
1985,5,13,23,6,0
1985,5,14,24.5,10,0
1985,5,15,30,10,0
1985,5,16,28.5,15,0
1985,5,17,28,14,0
1985,5,18,28,12,0
1985,5,19,27,11,0
1985,5,20,26.5,10.5,0
1985,5,21,27,12,0
1985,5,22,26.5,13,0
1985,5,23,29,14.5,0
1985,5,24,31,14.5,0
1985,5,25,31,14,0
1985,5,26,31.5,15,0
1985,5,27,32,14,0
1985,5,28,32,15,0
1985,5,29,31.5,17.5,0
1985,5,30,29,15.5,0
1985,5,31,25,12,0
1985,6,1,30,13,0
1985,6,2,30,13,0
1985,6,3,27,11,0
1985,6,4,21,8.5,0
1985,6,5,26.5,15.5,0
1985,6,6,28,19.5,0
1985,6,7,35.5,21,0
1985,6,8,37,21,0
1985,6,9,37,19.5,0
1985,6,10,35,17,0
1985,6,11,34,18.5,0
1985,6,12,35,19.5,0
1985,6,13,35,17.5,0
1985,6,14,35,18,0
1985,6,15,36,20,0
1985,6,16,36,21,0
1985,6,17,37,18,0
1985,6,18,35,19,0
1985,6,19,33,14,26.924
1985,6,20,30.5,15,2.794
1985,6,21,30.5,18,0
1985,6,22,31,18.5,0
1985,6,23,31.5,20,8.89
1985,6,24,30,17,0
1985,6,25,30,16,0
1985,6,26,30,16,0
1985,6,27,31,16,0
1985,6,28,32,17,0
1985,6,29,34.5,21.5,0
1985,6,30,30,19.5,0
1985,7,1,35.5,19,0
1985,7,2,35,18,0
1985,7,3,31.5,18,0
1985,7,4,36,20.5,0
1985,7,5,36,20,0
1985,7,6,36,19,0
1985,7,7,36,19,7.62
1985,7,8,33,19.5,0
1985,7,9,34,19.5,0
1985,7,10,35,19,0
1985,7,11,35,18.5,0
1985,7,12,34,22.5,0
1985,7,13,35.5,19.5,0
1985,7,14,34.5,18,0
1985,7,15,33,19,0
1985,7,16,32,17.5,0
1985,7,17,32.5,17.5,0
1985,7,18,32,16.5,3.81
1985,7,19,29,15.5,35.306
1985,7,20,27,18,0
1985,7,21,29,16,0
1985,7,22,25,15.5,0
1985,7,23,29,16.5,0
1985,7,24,30.5,17,14.986
1985,7,25,32.5,19,0
1985,7,26,30,17.5,0
1985,7,27,26,15.5,0
1985,7,28,26,17.5,0
1985,7,29,30,18,5.588
1985,7,30,29,17,9.398
1985,7,31,29,16.5,17.272
1985,8,1,23,15,13.208
1985,8,2,24.5,15,10.16
1985,8,3,27,15,43.688
1985,8,4,28,17.5,0
1985,8,5,30,18.5,0
1985,8,6,30.5,18,0
1985,8,7,30,17.5,0
1985,8,8,29,19,0
1985,8,9,27,18,0
1985,8,10,26.5,15.5,2.794
1985,8,11,18,14,6.35
1985,8,12,25,15,0.508
1985,8,13,25,17,0
1985,8,14,,,0
1985,8,15,32.5,17,0
1985,8,16,32.5,17.5,0
1985,8,17,31,17.5,0
1985,8,18,30,17,2.54
1985,8,19,26,18.5,0
1985,8,20,26.5,16,0.508
1985,8,21,29.5,20,0
1985,8,22,32,19,0
1985,8,23,33,19,0
1985,8,24,32,18.5,0
1985,8,25,31.5,16,0
1985,8,26,32,19.5,0
1985,8,27,32,18,0
1985,8,28,33,19,0
1985,8,29,33,18,1.524
1985,8,30,32.5,17,0
1985,8,31,32,18,0
1985,9,1,31,18,0
1985,9,2,29,17,13.716
1985,9,3,24,16,0.762
1985,9,4,27,14,0
1985,9,5,27,14,0
1985,9,6,27,13.5,0
1985,9,7,28,14.5,1.778
1985,9,8,30,15,0
1985,9,9,30,16.5,0
1985,9,10,29.5,13,0
1985,9,11,25,12.5,0
1985,9,12,26,13.5,0
1985,9,13,29,16,0
1985,9,14,26,15,0
1985,9,15,26.5,15,2.54
1985,9,16,28,15,0
1985,9,17,30,14,0
1985,9,18,21.5,14.5,9.652
1985,9,19,20.5,13,0
1985,9,20,22,11.5,0
1985,9,21,24.5,12,0
1985,9,22,26.5,13,0
1985,9,23,27,14,0
1985,9,24,29,12.5,0
1985,9,25,28.5,14.5,0
1985,9,26,28,13,0
1985,9,27,28.5,12,4.572
1985,9,28,13,7,38.1
1985,9,29,19.5,11.5,0
1985,9,30,18.5,11,0
1985,10,1,15,7.5,0
1985,10,2,21.5,12,0
1985,10,3,23,13,0
1985,10,4,25,12,0
1985,10,5,24.5,12,0
1985,10,6,28.5,16.5,0
1985,10,7,25,12,0
1985,10,8,20.5,13,13.208
1985,10,9,21,11.5,7.62
1985,10,10,16,6,23.876
1985,10,11,16,12.5,0
1985,10,12,19.5,13,0
1985,10,13,20.5,9,0
1985,10,14,20.5,8.5,0
1985,10,15,16.5,10,0
1985,10,16,11,8,61.722
1985,10,17,11,7,0
1985,10,18,17,8.5,0
1985,10,19,18,9.5,0
1985,10,20,18.5,8.5,0
1985,10,21,20,9,0
1985,10,22,21,8.5,0
1985,10,23,,,0
1985,10,24,,,0
1985,10,25,26.5,11.5,0
1985,10,26,25,11.5,0
1985,10,27,24,10,0
1985,10,28,23,10,0
1985,10,29,24,8.5,0
1985,10,30,22,10.5,0
1985,10,31,22,7,0
1985,11,1,15,6.5,1.016
1985,11,2,18,7.5,0
1985,11,3,21,7.5,0
1985,11,4,23,10,0
1985,11,5,23.5,7.5,0
1985,11,6,21,7,0
1985,11,7,21.5,7,0
1985,11,8,22,9,0
1985,11,9,20,11.5,0
1985,11,10,18,12,0
1985,11,11,18,10.5,0
1985,11,12,15.5,1.5,0.508
1985,11,13,11.5,1.5,0
1985,11,14,9,-1,0
1985,11,15,12.5,1.5,0
1985,11,16,18,7,0
1985,11,17,17.5,1,0
1985,11,18,16,0.5,0
1985,11,19,9,0.5,0
1985,11,20,19,3,0
1985,11,21,,,0
1985,11,22,,,0
1985,11,23,18.5,6,0
1985,11,24,18,8,0
1985,11,25,12.5,6.5,4.572
1985,11,26,13.5,3,4.572
1985,11,27,11.5,2,0
1985,11,28,12,4.5,0
1985,11,29,13.5,8,0
1985,11,30,9,0.5,1.524
1985,12,1,10,1.5,0
1985,12,2,15,5,0
1985,12,3,14.5,4.5,0
1985,12,4,15.5,3,0
1985,12,5,14.5,6,0
1985,12,6,19,4,0
1985,12,7,17,3,0
1985,12,8,18,4,0
1985,12,9,17,7,0
1985,12,10,10.5,,0
1985,12,11,12.5,-4,0.254
1985,12,12,,,6.096
1985,12,13,,,1.27
1985,12,14,,,0
1985,12,15,,,0
1985,12,16,,,0
1985,12,17,,,0
1985,12,18,,,0
1985,12,19,,,0
1985,12,20,16,2.5,0
1985,12,21,16.5,1,0
1985,12,22,16.5,2,0
1985,12,23,16,2,0
1985,12,24,16,0,0
1985,12,25,16,1,0
1985,12,26,18,2,0
1985,12,27,,,0
1985,12,28,,,0
1985,12,29,,,0
1985,12,30,,,0
1985,12,31,,,0
1986,1,1,20.8,-0.6,0
1986,1,2,20,0.3,0
1986,1,3,19.4,-1.1,0
1986,1,4,20.6,-0.6,0
1986,1,5,21.1,-0.6,0
1986,1,6,22.8,-0.8,0
1986,1,7,8.9,-2.2,1.778
1986,1,8,12.2,-5.6,0
1986,1,9,15.6,-5.3,0
1986,1,10,17.8,-3.3,0
1986,1,11,20.6,-4.7,0
1986,1,12,21.9,-3.9,0
1986,1,13,20.6,0.3,0
1986,1,14,16.9,1.1,0
1986,1,15,20.3,-0.6,0
1986,1,16,20.3,-1.7,0
1986,1,17,20.8,0.3,0
1986,1,18,23.9,3.1,0
1986,1,19,26.1,1.4,0
1986,1,20,27.8,1.4,0
1986,1,21,26.4,0.8,0
1986,1,22,26.4,0.3,0
1986,1,23,25.6,3.1,0
1986,1,24,22.8,-2.8,0
1986,1,25,24.2,-1.7,0
1986,1,26,22.8,-1.9,0
1986,1,27,24.4,0,0
1986,1,28,26.1,-0.6,0
1986,1,29,28.6,1.7,0
1986,1,30,26.9,7.2,0
1986,1,31,21.4,5,0.254
1986,2,1,16.1,6.4,1.27
1986,2,2,16.9,-0.6,0
1986,2,3,20.6,2.2,4.064
1986,2,4,12.2,-1.1,0
1986,2,5,12.8,-2.2,0
1986,2,6,17.2,-2.8,0
1986,2,7,9.4,-0.3,3.048
1986,2,8,14.4,2.2,15.24
1986,2,9,5.6,-3.3,1.27
1986,2,10,7.8,-3.3,0
1986,2,11,11.7,-0.6,0
1986,2,12,18.6,1.7,0
1986,2,13,20,2.5,0
1986,2,14,20.6,6.7,0
1986,2,15,22.5,10.6,0
1986,2,16,20.6,3.1,0
1986,2,17,20,3.6,0
1986,2,18,23.3,4.4,0
1986,2,19,23,7,0
1986,2,20,20.5,3,0
1986,2,21,16,3,0
1986,2,22,17.5,2,0
1986,2,23,20,6,0
1986,2,24,23,8.5,0
1986,2,25,25,10.5,0
1986,2,26,25,9,0
1986,2,27,21.5,5,0
1986,2,28,24,4,0
1986,3,1,22,10.5,0
1986,3,2,20,3.5,0
1986,3,3,20,,0
1986,3,4,,,0
1986,3,5,21,8.5,0
1986,3,6,24,6.5,0
1986,3,7,22.5,6.5,0
1986,3,8,23,11,0
1986,3,9,20,5.5,0
1986,3,10,20,3,0
1986,3,11,10,2.5,4.318
1986,3,12,12,2.5,0.254
1986,3,13,13.5,2.5,0
1986,3,14,9,0.5,6.604
1986,3,15,14,3.5,6.858
1986,3,16,18,0.5,
1986,3,17,20,,
1986,3,18,,,
1986,3,19,,,
1986,3,20,,,
1986,3,21,,,
1986,3,22,24,7.5,
1986,3,23,24,7.5,0
1986,3,24,25,8.5,0
1986,3,25,23.5,8.5,0
1986,3,26,25.5,10.5,0
1986,3,27,25,10,0
1986,3,28,24.5,8.5,0.254
1986,3,29,24,9.5,0
1986,3,30,24,12,0
1986,3,31,24,12,0
1986,4,1,22.5,11,0
1986,4,2,22,3,0
1986,4,3,17.5,2,0
1986,4,4,20.5,6.5,0
1986,4,5,23,10,0
1986,4,6,25,12,0
1986,4,7,27.5,8.5,0
1986,4,8,28,12,0
1986,4,9,25.5,12,0
1986,4,10,25,9,0
1986,4,11,24,9,0
1986,4,12,27,13.5,0
1986,4,13,25.5,6.5,0
1986,4,14,25.5,11,0
1986,4,15,28,9,0
1986,4,16,26.5,8.5,0
1986,4,17,22.5,4,0
1986,4,18,21,6,0
1986,4,19,21.5,7,0
1986,4,20,28.5,10,0
1986,4,21,,,0
1986,4,22,,,0
1986,4,23,24.5,12.5,0
1986,4,24,26.5,13.5,0
1986,4,25,24.5,10.5,0
1986,4,26,25.5,7.5,0
1986,4,27,24.5,10.5,0
1986,4,28,26.5,14,0
1986,4,29,23,11,0
1986,4,30,26.5,12.5,0
1986,5,1,29.5,13.5,0
1986,5,2,30.5,15,0
1986,5,3,29,10.5,1.524
1986,5,4,28,10,0
1986,5,5,27.5,10.5,0
1986,5,6,26.5,13,0
1986,5,7,23.5,4.5,0
1986,5,8,20.5,8.5,0
1986,5,9,23,9,0
1986,5,10,26,9.5,0
1986,5,11,27,11.5,0
1986,5,12,28,11.5,0
1986,5,13,28.5,12,0
1986,5,14,27,12,0
1986,5,15,29,11,0
1986,5,16,27.5,13.5,0
1986,5,17,23.5,7.5,0
1986,5,18,25,10,0
1986,5,19,29.5,13.5,0
1986,5,20,31.5,14,0
1986,5,21,30.5,15.5,0
1986,5,22,30,15.5,0
1986,5,23,30,17,0
1986,5,24,29.5,16,0
1986,5,25,31,15,0
1986,5,26,32,17.5,0
1986,5,27,29.5,13,0
1986,5,28,30,18.5,0
1986,5,29,28.5,15,0
1986,5,30,26,11.5,4.318
1986,5,31,27.5,11.5,0
1986,6,1,27,10.5,2.794
1986,6,2,25.5,13,0
1986,6,3,28,15.5,3.048
1986,6,4,30.5,16.5,0
1986,6,5,27.5,15,0.254
1986,6,6,30.5,16,0
1986,6,7,33,15.5,0
1986,6,8,31,14.5,0
1986,6,9,30,17,0
1986,6,10,30,16,0
1986,6,11,32,17.5,0.762
1986,6,12,34,17.5,
1986,6,13,35,20,
1986,6,14,35,18,
1986,6,15,34.5,21,
1986,6,16,33.5,20.5,
1986,6,17,33,19.5,
1986,6,18,31.5,15.5,0
1986,6,19,33,17,0
1986,6,20,33.5,15.5,0
1986,6,21,34.5,18,0
1986,6,22,34,18.5,0
1986,6,23,28,15.5,0
1986,6,24,25.5,16.5,2.286
1986,6,25,26.5,16.5,0
1986,6,26,31.5,17.5,0
1986,6,27,32,17.5,1.778
1986,6,28,31,19,0
1986,6,29,29,18,0
1986,6,30,28.5,17,2.54
1986,7,1,30.5,16,9.144
1986,7,2,27,17,0
1986,7,3,27.5,17.5,0.254
1986,7,4,21.5,15,1.524
1986,7,5,29,16.5,0
1986,7,6,31,19.5,0
1986,7,7,31,17.5,1.016
1986,7,8,27,16,22.098
1986,7,9,25,15.5,2.54
1986,7,10,26.5,16.5,0.254
1986,7,11,31,17.5,0
1986,7,12,32,18.5,0
1986,7,13,33,17.5,0
1986,7,14,28.5,16.5,4.318
1986,7,15,21,16,6.35
1986,7,16,19,16,16.51
1986,7,17,18.5,15,1.778
1986,7,18,24.5,16,0
1986,7,19,27.5,17.5,0
1986,7,20,29,16,0
1986,7,21,27.5,16.5,0
1986,7,22,22,13.5,1.27
1986,7,23,27.5,16.5,1.27
1986,7,24,30,17.5,0
1986,7,25,32,19,0
1986,7,26,34,18,0
1986,7,27,34.5,18,0
1986,7,28,33.5,18,0
1986,7,29,35.5,20,0
1986,7,30,36,20.5,0
1986,7,31,36.5,19,0
1986,8,1,34,19.5,0
1986,8,2,34,20,0
1986,8,3,34.5,19.5,0
1986,8,4,34.5,21,0
1986,8,5,35,21,0
1986,8,6,32.5,21.5,0
1986,8,7,34.5,19,0.254
1986,8,8,32.5,19,2.032
1986,8,9,29.5,18.5,0.508
1986,8,10,28,17,0
1986,8,11,28,18,3.556
1986,8,12,30,18,0
1986,8,13,29.5,16,0
1986,8,14,26.5,15.5,30.226
1986,8,15,28.5,18,14.986
1986,8,16,30,18,0
1986,8,17,30.5,17,0
1986,8,18,28.5,18,6.604
1986,8,19,30,19.5,0
1986,8,20,32,20,0
1986,8,21,32,17,0
1986,8,22,32.5,15.5,0
1986,8,23,22,14,0
1986,8,24,25.5,15,0
1986,8,25,26.5,16.5,0
1986,8,26,27.5,18,0
1986,8,27,26,17.5,0
1986,8,28,24,17,0
1986,8,29,23.5,15,3.302
1986,8,30,26.5,14,0
1986,8,31,26,14.5,1.524
1986,9,1,27.5,17.5,0
1986,9,2,29.5,16.5,0
1986,9,3,30,15.5,0
1986,9,4,30,16,4.064
1986,9,5,31,15.5,0
1986,9,6,31.5,18,0
1986,9,7,27,14.5,0
1986,9,8,28,18,0
1986,9,9,27,15,0
1986,9,10,27,15,0
1986,9,11,28,15.5,0
1986,9,12,29.5,15.5,0
1986,9,13,29.5,13.5,0
1986,9,14,29,16,0
1986,9,15,30,15,0
1986,9,16,31,15,0
1986,9,17,30,16,0
1986,9,18,31.5,16,0
1986,9,19,31,16.5,0
1986,9,20,30,16,0
1986,9,21,30.5,17.5,0
1986,9,22,31,15,0
1986,9,23,15,12,0
1986,9,24,19,7.5,0
1986,9,25,22,15,0
1986,9,26,23.5,10.5,0
1986,9,27,24.5,,0
1986,9,28,,,0
1986,9,29,,,0
1986,9,30,27,11,36.322
1986,10,1,26.5,13.5,0
1986,10,2,22,13.5,0.254
1986,10,3,22,10.5,0
1986,10,4,23,11,0
1986,10,5,22.5,10,7.112
1986,10,6,19.5,9.5,0
1986,10,7,24.5,10.5,0
1986,10,8,22.5,12,0
1986,10,9,24.5,11,0
1986,10,10,19.5,9,14.986
1986,10,11,16.5,5.5,0
1986,10,12,10.5,6.5,0
1986,10,13,15,6,37.338
1986,10,14,19,7,0
1986,10,15,23,8,0
1986,10,16,23.5,8,0
1986,10,17,24,9.5,3.048
1986,10,18,24.5,8,0
1986,10,19,24.5,7,0
1986,10,20,24,,0
1986,10,21,,,0
1986,10,22,,,0
1986,10,23,,,0
1986,10,24,23,7,0
1986,10,25,21,8,0
1986,10,26,20,12.5,0
1986,10,27,19.5,9,0
1986,10,28,23.5,11,0
1986,10,29,21.5,12,0
1986,10,30,28.5,12,0
1986,10,31,28.5,3,0
1986,11,1,,,0
1986,11,2,,,0
1986,11,3,,,0
1986,11,4,,,0
1986,11,5,,,0
1986,11,6,,,0
1986,11,7,,,0
1986,11,8,,,0
1986,11,9,,,0
1986,11,10,,,0
1986,11,11,,,0
1986,11,12,,,0
1986,11,13,,,0
1986,11,14,10,7,0
1986,11,15,10.5,7,0
1986,11,16,14,9,0
1986,11,17,14.5,10,0
1986,11,18,13,6.5,0
1986,11,19,16,6,6.096
1986,11,20,16,5.5,0
1986,11,21,18,7,0
1986,11,22,17,4,0
1986,11,23,11,1,0
1986,11,24,10,1.5,0
1986,11,25,15.5,2.5,0
1986,11,26,10,2,0
1986,11,27,18.5,2,0
1986,11,28,,,0
1986,11,29,,,0
1986,11,30,15,0.5,0
1986,12,1,15,1,0
1986,12,2,17,2,0
1986,12,3,18,4,0
1986,12,4,15,7,0
1986,12,5,12,7.5,0
1986,12,6,10.5,6.5,0
1986,12,7,13,4,0
1986,12,8,9,0.5,8.89
1986,12,9,10,0,0
1986,12,10,0,-3,1.27
1986,12,11,3.5,-3,1.016
1986,12,12,6,-1.5,0
1986,12,13,10,-1.5,0
1986,12,14,13,1.5,0
1986,12,15,14.5,6.5,0
1986,12,16,10.5,6,0
1986,12,17,7,3.5,0
1986,12,18,8.5,0.5,0
1986,12,19,7,1,0
1986,12,20,10,3,0
1986,12,21,3.5,3,0
1986,12,22,7.5,1,0
1986,12,23,10.5,1,0
1986,12,24,9.5,0.5,0
1986,12,25,9,0,0
1986,12,26,10,-0.5,0
1986,12,27,10.5,0.5,0
1986,12,28,10,0.5,0
1986,12,29,11,1,0
1986,12,30,13,1,0
1986,12,31,12.5,1,0
1987,1,1,15,2.5,0
1987,1,2,14.5,1.5,0
1987,1,3,14,0,0
1987,1,4,17,9,0
1987,1,5,13.5,-0.5,0
1987,1,6,11,-0.5,0
1987,1,7,14,0,0
1987,1,8,9,-2,0
1987,1,9,8,-2,0
1987,1,10,12.5,-1.5,0
1987,1,11,,,0
1987,1,12,16,1,0
1987,1,13,18,3.5,0
1987,1,14,15.5,,0
1987,1,15,,,0
1987,1,16,,,0
1987,1,17,,,0
1987,1,18,,,0
1987,1,19,,,0
1987,1,20,,,0
1987,1,21,,,0
1987,1,22,,,0
1987,1,23,,,0
1987,1,24,,,0
1987,1,25,,,0
1987,1,26,,,0.508
1987,1,27,,,
1987,1,28,,,
1987,1,29,,,
1987,1,30,,,
1987,1,31,,,
1987,2,1,,,
1987,2,2,,,
1987,2,3,,,
1987,2,4,,0.6,
1987,2,5,15.6,2.2,0
1987,2,6,13.9,0.6,0
1987,2,7,14.4,2.8,0
1987,2,8,16.1,2.8,0
1987,2,9,17.8,4.4,0
1987,2,10,21.1,6.1,0
1987,2,11,19.4,7.8,2.794
1987,2,12,20.6,6.1,0
1987,2,13,20.6,8.3,0
1987,2,14,16.1,2.2,0
1987,2,15,18.9,3.3,0
1987,2,16,14.4,1.1,0
1987,2,17,15,1.7,0
1987,2,18,15,0.6,0
1987,2,19,13.3,1.7,0
1987,2,20,12.8,1.7,0
1987,2,21,7.8,-0.6,10.922
1987,2,22,11.1,0,0
1987,2,23,13.3,4.4,0
1987,2,24,13.3,7.8,0
1987,2,25,13.9,1.7,10.16
1987,2,26,10,1.7,0
1987,2,27,10.6,-1.1,0
1987,2,28,12.2,2.2,0
1987,3,1,17.2,3.3,0
1987,3,2,18.9,3.3,0
1987,3,3,20.6,5,0
1987,3,4,19.4,5.6,0
1987,3,5,21.1,5.6,0
1987,3,6,22.8,7.2,0
1987,3,7,21.1,5,0
1987,3,8,21.1,6.7,0
1987,3,9,20,7.2,0
1987,3,10,16.7,5.6,0
1987,3,11,20,7.2,0
1987,3,12,21.7,6.7,0
1987,3,13,23.9,7.2,0
1987,3,14,22.8,10,0
1987,3,15,20,3.3,2.286
1987,3,16,11.1,6.1,0
1987,3,17,16.1,3.9,0
1987,3,18,19.4,8.3,0
1987,3,19,20,8.3,0
1987,3,20,20.6,3.3,0
1987,3,21,20.6,10,0
1987,3,22,12.8,3.3,1.27
1987,3,23,15,1.7,0
1987,3,24,16.7,4.4,0
1987,3,25,12.2,1.7,0
1987,3,26,16.1,4.4,0
1987,3,27,18.9,0.6,0
1987,3,28,16.1,0,0
1987,3,29,12.8,-1.7,0
1987,3,30,15,1.1,0
1987,3,31,21.1,6.1,0
1987,4,1,25,7.2,0
1987,4,2,20,3.9,0
1987,4,3,22.2,7.2,0
1987,4,4,12.8,2.2,2.286
1987,4,5,18.3,5.6,0
1987,4,6,18.9,5,0
1987,4,7,18.3,3.9,0
1987,4,8,20.6,7.2,0
1987,4,9,22.8,8.9,0
1987,4,10,25,8.3,0
1987,4,11,26.1,11.7,0
1987,4,12,24.4,5.6,0
1987,4,13,21.1,5.6,0
1987,4,14,24.4,10,0
1987,4,15,28.3,9.4,0
1987,4,16,28.3,13.3,0
1987,4,17,29.4,11.1,0
1987,4,18,27.2,11.1,8.382
1987,4,19,20.6,9.4,0
1987,4,20,23.9,13.3,0
1987,4,21,13.9,10.6,4.572
1987,4,22,18.3,7.2,0
1987,4,23,22.8,8.9,0
1987,4,24,24.4,10,0
1987,4,25,23.9,11.1,0
1987,4,26,23.9,12.8,0.254
1987,4,27,22.2,10,2.286
1987,4,28,23.3,10,0
1987,4,29,23.3,13.3,0
1987,4,30,25,9.4,0
1987,5,1,25,8.9,0
1987,5,2,22.8,10,0
1987,5,3,23.9,10,0
1987,5,4,26.1,12.2,0
1987,5,5,26.1,11.1,0
1987,5,6,25.6,11.7,0
1987,5,7,23.3,10,0
1987,5,8,23.9,10.6,0
1987,5,9,25.6,12.8,1.016
1987,5,10,26.1,11.7,0
1987,5,11,27.2,13.9,0
1987,5,12,28.9,13.3,0
1987,5,13,28.3,13.9,0
1987,5,14,28.9,12.8,0
1987,5,15,27.2,13.3,0
1987,5,16,27.8,13.3,0
1987,5,17,28.3,13.9,0
1987,5,18,27.2,13.9,0
1987,5,19,25,11.1,0
1987,5,20,24.4,10,8.636
1987,5,21,24.4,10.6,0
1987,5,22,26.1,12.8,0
1987,5,23,26.7,11.7,0
1987,5,24,26.7,10.6,0
1987,5,25,25.6,12.8,0
1987,5,26,25,7.2,0
1987,5,27,23.9,9.4,0
1987,5,28,23.9,11.7,0
1987,5,29,26.1,12.2,0
1987,5,30,27.2,11.7,0
1987,5,31,28.9,13.9,0
1987,6,1,27.8,14.4,0
1987,6,2,31.7,13.9,0
1987,6,3,31.1,14.4,0
1987,6,4,25.6,14.4,0
1987,6,5,26.1,13.3,0
1987,6,6,27.2,13.9,5.334
1987,6,7,28.9,15,0
1987,6,8,30.6,13.3,0
1987,6,9,30.6,15,0
1987,6,10,,,0.254
1987,6,11,,,1.016
1987,6,12,31.7,17.2,0
1987,6,13,32.8,17.2,0
1987,6,14,33.9,19.4,0
1987,6,15,33.9,16.1,0
1987,6,16,33.9,16.1,0
1987,6,17,34.4,16.1,0
1987,6,18,34.4,14.4,0
1987,6,19,32.8,15.6,0
1987,6,20,32.8,14.4,0
1987,6,21,32.2,13.9,0
1987,6,22,32.2,15.6,0
1987,6,23,33.3,19.4,0
1987,6,24,33.9,19.4,0.508
1987,6,25,33.3,17.2,0
1987,6,26,31.7,16.1,0.508
1987,6,27,32.2,16.7,0
1987,6,28,33.3,15.6,0
1987,6,29,32.8,15,0
1987,6,30,32.8,17.2,0
1987,7,1,33.9,17.8,0
1987,7,2,35.6,17.2,0
1987,7,3,35.6,17.8,0
1987,7,4,35,17.2,0
1987,7,5,33.3,16.7,0
1987,7,6,33.9,16.1,0
1987,7,7,33.3,15.6,0
1987,7,8,36.1,21.7,0
1987,7,9,35.6,21.1,0
1987,7,10,36.1,20,0
1987,7,11,36.1,20.6,0
1987,7,12,37.2,20,0
1987,7,13,37.8,22.8,0
1987,7,14,35.6,20.6,0
1987,7,15,33.9,20,1.27
1987,7,16,27.2,17.8,10.668
1987,7,17,32.2,20,0
1987,7,18,33.3,19.4,0
1987,7,19,35.6,22.2,0
1987,7,20,34.4,22.2,0
1987,7,21,34.4,21.7,4.826
1987,7,22,36.7,21.7,0
1987,7,23,37.2,21.7,1.016
1987,7,24,36.1,21.1,0
1987,7,25,34.4,22.2,0
1987,7,26,34.4,20.6,0
1987,7,27,33.3,21.7,19.812
1987,7,28,,,5.08
1987,7,29,28.3,20,28.448
1987,7,30,29.4,21.1,14.732
1987,7,31,31.1,21.7,3.556
1987,8,1,33.3,21.7,0
1987,8,2,33.9,21.1,1.524
1987,8,3,33.9,20,0.762
1987,8,4,32.2,21.1,3.556
1987,8,5,33.3,22.8,0.762
1987,8,6,32.8,22.2,0
1987,8,7,30.6,22.2,1.27
1987,8,8,31.1,20.6,0
1987,8,9,31.1,20,6.096
1987,8,10,28.3,19.4,0
1987,8,11,27.8,17.8,0.254
1987,8,12,30,18.9,1.778
1987,8,13,27.8,17.2,0
1987,8,14,30,20,0
1987,8,15,31.7,17.8,0
1987,8,16,31.7,18.3,0
1987,8,17,32.8,19.4,0
1987,8,18,34.4,21.1,0
1987,8,19,34.4,18.3,13.208
1987,8,20,31.7,19.4,0
1987,8,21,32.8,17.2,0
1987,8,22,31.1,18.3,0
1987,8,23,30.6,18.3,5.588
1987,8,24,27.8,17.8,0
1987,8,25,28.3,16.1,1.27
1987,8,26,26.7,13.9,17.526
1987,8,27,,,0
1987,8,28,,,0
1987,8,29,,,0
1987,8,30,,,0
1987,8,31,,,0
1987,9,1,,,0
1987,9,2,,,0
1987,9,3,28.3,17.2,0
1987,9,4,21.1,16.7,5.588
1987,9,5,24.4,15,12.446
1987,9,6,26.7,16.7,0
1987,9,7,28.9,16.1,0
1987,9,8,29.4,15,0
1987,9,9,29.4,15.6,0
1987,9,10,32.8,18.9,0
1987,9,11,32.2,18.9,0
1987,9,12,31.7,18.9,0
1987,9,13,28.9,16.1,2.54
1987,9,14,28.9,12.8,0
1987,9,15,29.4,16.1,0
1987,9,16,30.6,16.7,0
1987,9,17,26.1,15.6,0.508
1987,9,18,28.3,15,0
1987,9,19,28.3,14.4,0
1987,9,20,29.4,16.7,0
1987,9,21,27.2,13.9,5.842
1987,9,22,25,14.4,0
1987,9,23,27.2,14.4,0
1987,9,24,25.6,13.9,0.508
1987,9,25,26.7,15.6,0
1987,9,26,26.7,15.6,0
1987,9,27,27.8,14.4,0
1987,9,28,29.4,14.4,0
1987,9,29,26.7,13.9,19.05
1987,9,30,23.9,12.2,0
1987,10,1,26.1,13.3,0
1987,10,2,26.7,13.3,0
1987,10,3,25,12.8,0
1987,10,4,28.9,15,0
1987,10,5,29.4,14.4,0
1987,10,6,30.6,15.6,0
1987,10,7,30.6,15.6,0
1987,10,8,,,6.858
1987,10,9,,,0
1987,10,10,,,0
1987,10,11,,,0
1987,10,12,,,0
1987,10,13,,,0
1987,10,14,,,0
1987,10,15,,,0
1987,10,16,,,0
1987,10,17,,,0
1987,10,18,26.1,11.7,0
1987,10,19,26.1,13.3,0
1987,10,20,24.4,12.2,0
1987,10,21,23.3,13.3,3.302
1987,10,22,22.2,14.4,0
1987,10,23,23.3,13.9,2.286
1987,10,24,25,12.8,0
1987,10,25,27.2,13.3,0
1987,10,26,28.9,16.7,0
1987,10,27,28.9,15.6,0
1987,10,28,30,17.8,0
1987,10,29,25,13.9,0.254
1987,10,30,27.2,16.7,0
1987,10,31,25,12.8,0
1987,11,1,25,10,4.064
1987,11,2,23.9,12.2,0
1987,11,3,23.9,11.1,0
1987,11,4,25.6,12.8,0
1987,11,5,25.6,9.4,0
1987,11,6,22.2,7.2,0
1987,11,7,21.1,7.2,0
1987,11,8,20.6,7.2,0
1987,11,9,18.9,7.2,0
1987,11,10,19.4,5.6,0
1987,11,11,22.2,7.8,0
1987,11,12,22.8,8.3,0
1987,11,13,25.6,10.6,0
1987,11,14,22.2,10,1.016
1987,11,15,13.9,1.7,0
1987,11,16,17.8,5,0
1987,11,17,20,7.8,0
1987,11,18,19.4,2.2,0
1987,11,19,18.9,3.9,0
1987,11,20,21.1,6.7,0
1987,11,21,25,6.7,0
1987,11,22,22.2,7.8,0
1987,11,23,22.2,6.7,0
1987,11,24,20,5,0
1987,11,25,21.1,1.1,0
1987,11,26,13.9,1.1,0
1987,11,27,13.9,0,0
1987,11,28,17.8,2.2,0
1987,11,29,17.2,1.1,0
1987,11,30,15.6,3.3,0
1987,12,1,17.8,5.6,0
1987,12,2,19.4,6.7,0
1987,12,3,21.1,6.1,0
1987,12,4,22.8,8.3,0
1987,12,5,19.4,4.4,0
1987,12,6,17.8,4.4,0
1987,12,7,19.4,3.3,0
1987,12,8,17.8,2.8,0
1987,12,9,17.8,4.4,0
1987,12,10,20.6,7.2,0
1987,12,11,23.3,6.7,0
1987,12,12,21.7,5.6,1.524
1987,12,13,6.7,-1.7,7.112
1987,12,14,7.2,-2.8,0.762
1987,12,15,8.9,0.6,0
1987,12,16,9.4,1.7,0
1987,12,17,13.3,5.6,20.828
1987,12,18,10.6,4.4,6.858
1987,12,19,13.3,5,1.27
1987,12,20,13.3,3.3,0
1987,12,21,15,3.3,0
1987,12,22,16.7,6.7,0
1987,12,23,18.3,6.1,0
1987,12,24,13.3,1.7,0
1987,12,25,5.6,-3.9,0
1987,12,26,5,-3.9,0
1987,12,27,7.8,-2.2,0
1987,12,28,10.6,1.1,0
1987,12,29,12.8,3.3,11.176
1987,12,30,12.2,0,0
1987,12,31,12.8,3.3,0
1988,1,1,11.7,1.7,0
1988,1,2,12.2,1.1,0
1988,1,3,17.2,6.1,0
1988,1,4,18.3,5.6,0
1988,1,5,17.2,8.9,0
1988,1,6,15.6,2.8,4.064
1988,1,7,15.6,2.2,0
1988,1,8,16.7,2.2,0
1988,1,9,15,2.8,0
1988,1,10,17.8,5,0
1988,1,11,15.6,3.9,0
1988,1,12,18.3,3.3,0
1988,1,13,18.3,2.8,0
1988,1,14,17.8,1.7,0
1988,1,15,18.3,7.8,0
1988,1,16,15.6,5.6,0
1988,1,17,15.6,5,0
1988,1,18,10,4.4,15.24
1988,1,19,9.4,-1.1,0
1988,1,20,7.8,-1.1,0
1988,1,21,18.3,-0.6,3.048
1988,1,22,,,0
1988,1,23,,,0
1988,1,24,,,0
1988,1,25,,,0
1988,1,26,,,0
1988,1,27,,,0
1988,1,28,,,0
1988,1,29,18.9,0.6,0
1988,1,30,,,0
1988,1,31,,,0
1988,2,1,,,0
1988,2,2,,,0
1988,2,3,,,0
1988,2,4,,,0
1988,2,5,,,21.59
1988,2,6,,0,0
1988,2,7,11.1,-0.6,0
1988,2,8,14.4,2.2,0
1988,2,9,18.9,2.2,0
1988,2,10,16.7,0.6,0
1988,2,11,15.6,1.1,0
1988,2,12,19.4,3.3,0
1988,2,13,19.4,1.7,0
1988,2,14,15.6,-0.6,0
1988,2,15,17.2,2.8,0
1988,2,16,16.7,2.8,0
1988,2,17,15,-1.7,0
1988,2,18,13.3,0.6,11.684
1988,2,19,5.6,-0.6,0
1988,2,20,13.3,1.1,0
1988,2,21,16.7,3.3,0
1988,2,22,16.7,3.3,0
1988,2,23,18.3,6.1,0
1988,2,24,19.4,7.2,0
1988,2,25,17.8,6.7,0
1988,2,26,20,5,0
1988,2,27,18.9,5,0
1988,2,28,20.6,6.7,0
1988,2,29,26.1,11.7,0
1988,3,1,21.1,12.8,0
1988,3,2,18.9,12.8,1.016
1988,3,3,20.6,11.1,5.08
1988,3,4,23.9,12.8,0
1988,3,5,26.7,15.6,0
1988,3,6,27.8,13.9,0
1988,3,7,26.1,13.9,0
1988,3,8,25.6,10,0
1988,3,9,28.9,13.3,0
1988,3,10,27.2,11.1,0
1988,3,11,26.7,8.9,0
1988,3,12,,,0
1988,3,13,,,0
1988,3,14,,,0
1988,3,15,,,0
1988,3,16,,,0
1988,3,17,,,0
1988,3,18,20,6.7,0
1988,3,19,23.3,8.9,0
1988,3,20,28.3,11.1,0
1988,3,21,28.9,12.2,0
1988,3,22,27.8,11.7,0
1988,3,23,29.4,12.8,0
1988,3,24,30,13.3,0
1988,3,25,30.6,14.4,0
1988,3,26,32.2,16.1,0
1988,3,27,27.8,16.7,0
1988,3,28,30,9.4,0
1988,3,29,26.7,12.2,0
1988,3,30,29.4,13.9,0
1988,3,31,21.1,7.2,0
1988,4,1,23.9,11.1,0
1988,4,2,28.3,13.3,0
1988,4,3,30,15,0
1988,4,4,31.7,15.6,0
1988,4,5,30.6,17.2,0
1988,4,6,31.1,16.7,0
1988,4,7,31.7,17.2,0
1988,4,8,32.2,18.3,0
1988,4,9,32.2,11.1,0
1988,4,10,26.7,13.3,0
1988,4,11,31.7,11.1,0
1988,4,12,30,16.1,0
1988,4,13,26.1,13.3,8.89
1988,4,14,21.7,13.3,0
1988,4,15,25,10.6,7.62
1988,4,16,17.8,7.2,0
1988,4,17,20.6,11.7,0.762
1988,4,18,21.7,11.1,0
1988,4,19,25.6,11.7,0
1988,4,20,26.1,18.3,0
1988,4,21,23.3,13.9,0
1988,4,22,22.8,8.3,0
1988,4,23,25,11.7,0
1988,4,24,22.8,10,0.254
1988,4,25,27.2,10.6,0
1988,4,26,28.9,13.3,0
1988,4,27,28.9,16.7,0
1988,4,28,21.1,12.2,5.08
1988,4,29,25,13.9,0
1988,4,30,28.9,16.7,0
1988,5,1,26.1,6.1,0
1988,5,2,23.3,10,0.254
1988,5,3,28.3,12.8,0
1988,5,4,28.3,14.4,0
1988,5,5,29.4,16.1,0
1988,5,6,26.7,7.8,0
1988,5,7,25.6,10,0
1988,5,8,26.1,10.6,0
1988,5,9,28.9,12.8,0
1988,5,10,36.7,16.1,0
1988,5,11,36.7,16.7,0
1988,5,12,30,15.6,0
1988,5,13,32.8,18.9,0
1988,5,14,33.9,17.8,0
1988,5,15,32.8,19.4,0
1988,5,16,33.9,18.3,0
1988,5,17,30,18.3,0
1988,5,18,25,17.8,0
1988,5,19,28.3,15,0
1988,5,20,28.3,12.8,0
1988,5,21,28.9,15.6,0
1988,5,22,30.6,15.6,0
1988,5,23,32.2,18.9,0
1988,5,24,31.1,16.7,0
1988,5,25,32.2,17.2,0
1988,5,26,33.9,18.3,0
1988,5,27,33.9,15.6,0
1988,5,28,31.7,17.8,0
1988,5,29,29.4,16.7,0
1988,5,30,25.6,9.4,0
1988,5,31,26.1,13.3,0
1988,6,1,30,17.8,0.254
1988,6,2,35,18.3,
1988,6,3,32.8,20,
1988,6,4,32.8,18.9,
1988,6,5,33.3,19.4,
1988,6,6,31.7,15.6,
1988,6,7,32.2,16.1,
1988,6,8,32.2,16.1,
1988,6,9,33.3,19.4,
1988,6,10,36.1,18.9,0
1988,6,11,34.4,17.2,0
1988,6,12,32.8,17.2,0
1988,6,13,32.2,18.9,0
1988,6,14,34.4,19.4,0
1988,6,15,32.8,20,0
1988,6,16,32.8,20.6,0
1988,6,17,35.6,22.2,0.762
1988,6,18,32.2,20,0
1988,6,19,32.2,20.6,0
1988,6,20,33.3,18.3,0
1988,6,21,36.1,,0
1988,6,22,,,0
1988,6,23,,,0
1988,6,24,,,0
1988,6,25,,,7.112
1988,6,26,,,0
1988,6,27,32.8,18.3,14.986
1988,6,28,29.4,19.4,1.27
1988,6,29,31.7,20.6,0
1988,6,30,33.9,21.1,0
1988,7,1,32.8,19.4,0
1988,7,2,33.9,20,0
1988,7,3,33.3,22.2,0
1988,7,4,34.4,23.3,0
1988,7,5,34.4,20.6,2.794
1988,7,6,33.3,20,20.066
1988,7,7,32.2,21.1,0
1988,7,8,32.2,20,9.652
1988,7,9,30.6,18.9,0.762
1988,7,10,29.4,18.9,0.508
1988,7,11,31.1,19.4,10.16
1988,7,12,32.2,20,0
1988,7,13,32.2,21.1,0
1988,7,14,33.9,21.1,0
1988,7,15,34.4,21.1,7.366
1988,7,16,32.2,21.1,0
1988,7,17,32.2,20.6,0
1988,7,18,31.1,19.4,2.286
1988,7,19,32.2,20,0
1988,7,20,27.2,20,4.572
1988,7,21,29.4,18.3,0
1988,7,22,32.2,20,0
1988,7,23,33.9,20,0
1988,7,24,35.6,21.7,0
1988,7,25,23.3,20,3.81
1988,7,26,33.9,21.1,0
1988,7,27,35,20,2.032
1988,7,28,32.2,21.1,0
1988,7,29,32.8,18.9,12.7
1988,7,30,29.4,19.4,0
1988,7,31,28.9,20.6,0
1988,8,1,29.4,20.6,3.81
1988,8,2,23.9,19.4,0
1988,8,3,31.1,20,33.782
1988,8,4,28.3,20,39.116
1988,8,5,27.8,20,15.24
1988,8,6,29.4,19.4,0
1988,8,7,29.4,20,0
1988,8,8,30,19.4,0
1988,8,9,30.6,20,0
1988,8,10,33.9,20,3.556
1988,8,11,30.6,20.6,0
1988,8,12,32.8,21.1,0
1988,8,13,35,20.6,0
1988,8,14,35,19.4,0
1988,8,15,36.1,18.9,9.906
1988,8,16,29.4,20,3.556
1988,8,17,26.7,16.7,0
1988,8,18,27.2,18.3,0
1988,8,19,32.2,17.8,21.59
1988,8,20,28.9,17.8,0
1988,8,21,29.4,18.3,6.604
1988,8,22,28.9,18.9,0
1988,8,23,31.1,18.3,0
1988,8,24,31.7,17.8,0
1988,8,25,35,20.6,0
1988,8,26,34.4,18.9,4.826
1988,8,27,26.1,17.8,5.334
1988,8,28,,,0
1988,8,29,22.2,17.2,0
1988,8,30,25.6,16.7,0
1988,8,31,28.9,16.1,9.144
1988,9,1,27.2,16.1,0
1988,9,2,26.7,17.2,3.048
1988,9,3,25,16.1,0
1988,9,4,25,13.9,0
1988,9,5,22.8,12.2,0
1988,9,6,30.6,13.9,0
1988,9,7,32.8,15,0
1988,9,8,34.4,16.1,0
1988,9,9,36.7,15,0
1988,9,10,34.4,17.8,0
1988,9,11,23.9,17.2,9.398
1988,9,12,25.6,15.6,3.81
1988,9,13,27.8,15.6,0
1988,9,14,28.3,13.9,0
1988,9,15,29.4,15.6,0
1988,9,16,30,16.1,0
1988,9,17,30.6,15.6,0
1988,9,18,30.6,13.9,0
1988,9,19,28.9,17.2,0
1988,9,20,20.6,16.7,8.382
1988,9,21,23.3,16.1,5.842
1988,9,22,26.1,10,0.254
1988,9,23,26.1,13.3,0
1988,9,24,27.8,15.6,0
1988,9,25,30,14.4,0
1988,9,26,30,15.6,0
1988,9,27,30.6,13.9,0
1988,9,28,30,13.3,0
1988,9,29,26.7,11.7,0
1988,9,30,26.7,13.3,0
1988,10,1,26.1,11.7,0
1988,10,2,28.3,13.3,0
1988,10,3,28.9,12.8,0
1988,10,4,28.9,13.3,0
1988,10,5,29.4,13.3,0
1988,10,6,28.3,13.3,0
1988,10,7,28.3,13.3,0
1988,10,8,29.4,14.4,0
1988,10,9,26.1,12.2,4.826
1988,10,10,17.8,10.6,6.35
1988,10,11,20.6,10.6,0
1988,10,12,25.6,12.2,0
1988,10,13,27.8,13.3,0
1988,10,14,26.1,13.3,29.718
1988,10,15,22.2,12.8,1.016
1988,10,16,26.1,13.9,1.016
1988,10,17,28.3,15,0.254
1988,10,18,28.3,16.1,0
1988,10,19,23.9,13.9,0
1988,10,20,22.8,13.3,15.494
1988,10,21,22.8,13.9,3.048
1988,10,22,24.4,12.2,0
1988,10,23,26.1,11.7,0
1988,10,24,27.8,12.8,0
1988,10,25,27.2,12.8,0
1988,10,26,26.7,12.8,0
1988,10,27,26.7,13.3,0
1988,10,28,26.1,12.2,0
1988,10,29,26.7,13.9,0
1988,10,30,22.8,11.1,0
1988,10,31,25,11.1,0
1988,11,1,26.7,13.3,0
1988,11,2,25,8.9,0
1988,11,3,26.1,8.9,0
1988,11,4,26.7,11.1,0
1988,11,5,26.1,10.6,0
1988,11,6,27.8,10,0
1988,11,7,26.7,12.2,0
1988,11,8,24.4,9.4,0
1988,11,9,24.4,8.9,0
1988,11,10,24.4,9.4,0
1988,11,11,23.3,7.8,0
1988,11,12,23.3,10,0
1988,11,13,25,8.9,0
1988,11,14,25,6.7,0
1988,11,15,16.7,2.8,0
1988,11,16,18.3,3.9,0
1988,11,17,22.8,7.8,0
1988,11,18,17.8,1.1,0
1988,11,19,15.6,3.9,0
1988,11,20,17.2,2.2,0
1988,11,21,16.7,1.7,0
1988,11,22,18.3,4.4,0
1988,11,23,21.1,3.9,0
1988,11,24,20.6,6.1,0
1988,11,25,13.9,5,0
1988,11,26,9.4,0.6,8.89
1988,11,27,12.2,0.6,0
1988,11,28,15.6,1.7,0
1988,11,29,15.6,1.1,0
1988,11,30,16.1,1.7,0
1988,12,1,15,2.8,0
1988,12,2,17.8,3.9,0
1988,12,3,18.3,3.9,0
1988,12,4,17.2,4.4,0
1988,12,5,15.6,3.3,0
1988,12,6,18.9,5,0
1988,12,7,13.3,4.4,0
1988,12,8,2.2,1.7,0
1988,12,9,3.9,-0.6,14.732
1988,12,10,10,0.6,0
1988,12,11,14.4,1.7,0
1988,12,12,15.6,1.1,0
1988,12,13,16.1,3.9,0
1988,12,14,20,6.7,0
1988,12,15,18.3,2.8,0
1988,12,16,13.3,5.6,0
1988,12,17,16.7,3.9,0
1988,12,18,18.9,5.6,0
1988,12,19,13.3,0,0
1988,12,20,13.3,1.1,0
1988,12,21,15.6,0,0
1988,12,22,13.9,2.2,0
1988,12,23,14.4,0,0
1988,12,24,16.7,3.3,0
1988,12,25,16.7,3.3,0
1988,12,26,8.3,-2.8,1.524
1988,12,27,8.9,-3.9,0
1988,12,28,12.8,-3.9,0
1988,12,29,10,-5,0
1988,12,30,11.7,-0.6,0
1988,12,31,15,3.3,0
1989,1,1,16.1,7.2,0
1989,1,2,13.9,6.1,0
1989,1,3,13.3,7.8,0.508
1989,1,4,15.6,3.3,25.4
1989,1,5,14.4,2.8,0
1989,1,6,15,2.2,0
1989,1,7,11.7,-2.8,0
1989,1,8,8.9,-2.2,0
1989,1,9,11.7,0,0
1989,1,10,16.1,3.9,0
1989,1,11,18.3,-1.7,0
1989,1,12,10.6,-0.6,0
1989,1,13,9.4,-2.8,0
1989,1,14,13.3,-1.1,0
1989,1,15,13.9,0.6,0
1989,1,16,16.7,1.1,0
1989,1,17,17.2,3.9,0
1989,1,18,18.3,3.3,0
1989,1,19,17.8,2.8,0
1989,1,20,17.2,0.6,0
1989,1,21,13.9,5.6,0
1989,1,22,18.9,4.4,0
1989,1,23,18.9,5,0
1989,1,24,15.6,2.8,0
1989,1,25,15,2.2,0
1989,1,26,15.6,4.4,0
1989,1,27,11.7,1.7,4.318
1989,1,28,12.8,2.2,0
1989,1,29,13.9,2.2,0
1989,1,30,16.7,5,0
1989,1,31,16.1,6.7,0
1989,2,1,16.7,5.6,0
1989,2,2,17.8,3.3,0
1989,2,3,18.9,2.2,0
1989,2,4,19.4,8.9,0
1989,2,5,19.4,1.7,4.318
1989,2,6,5,0,0
1989,2,7,7.2,1.1,0
1989,2,8,11.1,3.3,0
1989,2,9,14.4,3.9,0
1989,2,10,20,6.1,0
1989,2,11,20.6,3.3,0.762
1989,2,12,22.2,7.2,
1989,2,13,17.2,7.2,
1989,2,14,13.9,3.9,
1989,2,15,16.1,6.1,
1989,2,16,15,8.3,
1989,2,17,15,3.9,
1989,2,18,16.1,4.4,
1989,2,19,20,1.1,
1989,2,20,15.6,2.2,
1989,2,21,17.2,5,0
1989,2,22,20.6,5,0
1989,2,23,22.2,10,0
1989,2,24,25,8.3,0
1989,2,25,23.9,6.7,0
1989,2,26,24.4,10,0
1989,2,27,24.4,12.2,0.762
1989,2,28,23.3,10,
1989,3,1,23.3,8.3,
1989,3,2,22.2,11.1,
1989,3,3,18.9,2.8,
1989,3,4,15,1.7,
1989,3,5,16.1,2.8,
1989,3,6,20.6,6.7,
1989,3,7,26.1,11.1,
1989,3,8,27.8,12.2,
1989,3,9,29.4,9.4,0
1989,3,10,24.4,8.3,0
1989,3,11,24.4,7.8,0
1989,3,12,27.2,8.9,0
1989,3,13,24.4,5,0
1989,3,14,22.8,6.7,0
1989,3,15,23.3,7.8,0
1989,3,16,24.4,7.2,0
1989,3,17,27.8,8.9,0
1989,3,18,28.3,8.9,0
1989,3,19,23.9,1.7,0
1989,3,20,23.3,,0
1989,3,21,,,0
1989,3,22,28.9,12.2,0
1989,3,23,28.9,11.7,0
1989,3,24,27.8,11.7,0
1989,3,25,30,10,14.224
1989,3,26,,,0
1989,3,27,,,0
1989,3,28,,,0
1989,3,29,,,0
1989,3,30,,,0
1989,3,31,,13.9,0
1989,4,1,30,13.9,0
1989,4,2,29.4,13.3,0
1989,4,3,28.9,12.8,0
1989,4,4,29.4,13.9,0
1989,4,5,29.4,13.9,0
1989,4,6,32.2,16.1,0
1989,4,7,33.3,16.1,0
1989,4,8,32.8,17.8,0
1989,4,9,32.2,14.4,0
1989,4,10,23.3,7.8,0
1989,4,11,27.8,12.8,0
1989,4,12,27.2,13.3,0
1989,4,13,22.2,12.2,0
1989,4,14,26.7,14.4,0
1989,4,15,28.9,13.3,0
1989,4,16,29.4,12.8,0
1989,4,17,27.8,13.3,0
1989,4,18,31.1,15.6,0
1989,4,19,32.2,17.8,0
1989,4,20,33.9,17.8,0
1989,4,21,32.2,18.3,0
1989,4,22,31.7,13.3,0
1989,4,23,28.9,12.8,0
1989,4,24,27.8,13.3,0
1989,4,25,26.1,12.2,0
1989,4,26,25.6,6.7,0
1989,4,27,23.9,8.3,0
1989,4,28,26.1,10.6,0
1989,4,29,26.7,11.1,0
1989,4,30,26.7,14.4,0
1989,5,1,29.4,13.9,0
1989,5,2,31.1,15,0
1989,5,3,31.1,13.9,0
1989,5,4,31.7,15.6,0
1989,5,5,31.7,17.8,0
1989,5,6,33.9,16.7,0
1989,5,7,33.3,16.7,0
1989,5,8,33.9,17.8,0
1989,5,9,31.7,18.3,0
1989,5,10,30,13.9,0
1989,5,11,27.2,7.8,0
1989,5,12,25.6,10,0
1989,5,13,27.2,13.9,0
1989,5,14,26.7,12.8,0
1989,5,15,25,12.2,0
1989,5,16,18.3,9.4,2.286
1989,5,17,23.3,12.2,0
1989,5,18,28.3,15.6,0
1989,5,19,31.1,13.9,0
1989,5,20,32.8,16.1,0
1989,5,21,34.4,15.6,0
1989,5,22,34.4,16.7,0
1989,5,23,35.6,15.6,0
1989,5,24,33.3,17.8,0
1989,5,25,31.7,16.1,0
1989,5,26,31.7,16.1,0
1989,5,27,33.3,17.8,0
1989,5,28,32.8,17.8,0
1989,5,29,31.1,17.2,0.508
1989,5,30,31.1,13.3,0
1989,5,31,31.1,15.6,0
1989,6,1,30.6,14.4,0
1989,6,2,31.1,13.3,0
1989,6,3,29.4,13.9,0
1989,6,4,29.4,15.6,0
1989,6,5,31.1,15.6,0
1989,6,6,32.8,15.6,0
1989,6,7,32.8,16.1,0
1989,6,8,31.1,16.1,0
1989,6,9,30.6,15.6,0
1989,6,10,31.1,16.1,0
1989,6,11,32.2,16.7,0
1989,6,12,32.2,16.7,0
1989,6,13,33.3,16.1,0
1989,6,14,37.8,,0
1989,6,15,,,0
1989,6,16,,,0
1989,6,17,,,0
1989,6,18,,,0
1989,6,19,40.6,,0
1989,6,20,38.9,,0
1989,6,21,39.4,,0
1989,6,22,36.7,,0
1989,6,23,35.6,21.1,0
1989,6,24,33.9,,0
1989,6,25,35.6,19.4,0
1989,6,26,36.1,21.1,0
1989,6,27,36.7,24.4,0
1989,6,28,37.2,25.6,0
1989,6,29,37.2,25,0
1989,6,30,38.3,25,0
1989,7,1,38.3,25,0
1989,7,2,38.9,25,0
1989,7,3,40,24.4,0
1989,7,4,40,23.9,0
1989,7,5,37.2,21.7,0
1989,7,6,,,0
1989,7,7,,,0
1989,7,8,36.1,21.1,0
1989,7,9,34.4,18.9,0
1989,7,10,36.7,18.9,0
1989,7,11,36.7,18.9,10.414
1989,7,12,34.4,22.2,0
1989,7,13,37.2,22.8,0
1989,7,14,37.2,22.2,0
1989,7,15,35,,0
1989,7,16,33.9,20,0
1989,7,17,33.3,21.1,0
1989,7,18,36.7,20,0
1989,7,19,32.8,20,0
1989,7,20,35.6,21.1,0
1989,7,21,35,20,0
1989,7,22,30.6,18.9,66.294
1989,7,23,28.9,18.9,
