"cloud_cover","entity_id","display_id","ordering_id","landsat_product_id","landsat_scene_id","acquisition_date","collection_category","collection_number","wrs_path","wrs_row","nadir.off_nadir","roll_angle","date_product_generated","land_cloud_cover","scene_cloud_cover","start_time","stop_time","station_id","day.night_indicator","ground_control_points_model","ground_control_points_version","geometric_rmse_model","geometric_rmse_model_x","geometric_rmse_model_y","image_quality","processing_software_version","sun_elevation_l0ra","sun_azimuth_l0ra","tirs_ssm_model","data_type","sensor_id","satellite","panchromatic_lines","panchromatic_samples","reflective_lines","reflective_samples","thermal_lines","thermal_samples","product_map_projection","utm_zone","datum","ellipsoid","grid_cell_size_panchromatic","grid_cell_size_reflective","grid_cell_size_thermal","bias_parameter_file_name_oli","bias_parameter_file_name_tirs","calibration_parameter_file","rlut_file_name","scene_center_latitude","scene_center_longitude","corner_upper_left_latitude","corner_upper_left_longitude","corner_upper_right_latitude","corner_upper_right_longitude","corner_lower_left_latitude","corner_lower_left_longitude","corner_lower_right_latitude","corner_lower_right_longitude","has_customized_metadata","options","selected","spatial_bounds","spatial_coverage","temporal_coverage","publish_date"
75.69,"LC90350382022236LGN01","LC09_L1TP_035038_20220824_20220825_02_T1","None","LC09_L1TP_035038_20220824_20220825_02_T1","LC90350382022236LGN01","2022-08-24 00:00:00","2022-09-01 00:00:00",2,35,38,"NADIR",0,"2022-08-25 00:00:00",75.69,75.69,"2022-08-24 17:52:00","2022-08-24 17:52:32","LGN","DAY",93,5,7.222,5.695,4.441,9,"LPGS_16.1.0",60.68221372,130.2837872,"N/A","OLI_TIRS_L1TP","OLI_TIRS",9,15501,15221,7751,7611,7751,7611,"UTM",12,"WGS84","WGS84",15,30,30,"LO9BPF20220824173256_20220824190240.01","LT9BPF20220824172805_20220824175527.01","LC09CPF_20220701_20220930_02.02","LC09RLUT_20220319_20531231_02_08.h5",31.7424,-109.85012,32.79173,-111.0566,32.76912,-108.61929,30.69408,-111.05534,30.67323,-108.6723,,"{'bulk': True, 'download': True, 'order': False, 'secondary': False}","{'bulk': False, 'compare': False, 'order': False}","(-111.05252, 30.682, -108.63227, 32.7894)","POLYGON ((-111.05252 31.06407, -109.11437 30.682, -108.63227 32.40763, -110.60709 32.7894, -111.05252 31.06407))","[datetime.datetime(2022, 8, 24, 0, 0), datetime.datetime(2022, 8, 24, 0, 0)]","2022-08-25 07:09:37-05:00"
91.41,"LC90340382022229LGN00","LC09_L1TP_034038_20220817_20220817_02_T1","None","LC09_L1TP_034038_20220817_20220817_02_T1","LC90340382022229LGN00","2022-08-17 00:00:00","2022-09-01 00:00:00",2,34,38,"NADIR",0,"2022-08-17 00:00:00",91.41,91.41,"2022-08-17 17:45:48","2022-08-17 17:46:20","LGN","DAY",40,5,7.722,5.487,5.434,9,"LPGS_16.1.0",62.09096157,126.30234089,"N/A","OLI_TIRS_L1TP","OLI_TIRS",9,15361,15101,7681,7551,7681,7551,"UTM",12,"WGS84","WGS84",15,30,30,"LO9BPF20220817140746_20220817185628.01","LT9BPF20220817172153_20220817175551.02","LC09CPF_20220701_20220930_02.02","LC09RLUT_20220319_20531231_02_08.h5",31.74198,-108.31125,32.79617,-109.48987,32.74372,-107.07429,30.71817,-109.52325,30.66979,-107.16083,,"{'bulk': True, 'download': True, 'order': False, 'secondary': False}","{'bulk': False, 'compare': False, 'order': False}","(-109.51348, 30.68159, -107.0938, 32.78902)","POLYGON ((-109.51348 31.06355, -107.57575 30.68159, -107.0938 32.40737, -109.06819 32.78902, -109.51348 31.06355))","[datetime.datetime(2022, 8, 17, 0, 0), datetime.datetime(2022, 8, 17, 0, 0)]","2022-08-17 17:24:22-05:00"
2.41,"LC80350382022228LGN00","LC08_L1TP_035038_20220816_20220823_02_T1","None","LC08_L1TP_035038_20220816_20220823_02_T1","LC80350382022228LGN00","2022-08-16 00:00:00","2022-09-01 00:00:00",2,35,38,"NADIR",-0.001,"2022-08-23 00:00:00",2.41,2.41,"2022-08-16 17:52:18","2022-08-16 17:52:50","LGN","DAY",880,5,6.564,4.542,4.739,9,"LPGS_16.1.0",62.3373057,125.86734734,"FINAL","OLI_TIRS_L1TP","OLI_TIRS",8,15521,15241,7761,7621,7761,7621,"UTM",12,"WGS84","WGS84",15,30,30,"LO8BPF20220816172711_20220816195110.01","LT8BPF20220812111708_20220819104540.01","LC08CPF_20220701_20220930_02.02","LC08RLUT_20150303_20431231_02_01.h5",31.74221,-109.851,32.79173,-111.05981,32.76912,-108.61929,30.69137,-111.05847,30.67052,-108.67237,,"{'bulk': True, 'download': True, 'order': False, 'secondary': False}","{'bulk': False, 'compare': False, 'order': False}","(-111.05321, 30.68052, -108.63306, 32.79048)","POLYGON ((-111.05321 31.065, -109.11502 30.68052, -108.63306 32.40609, -110.60787 32.79048, -111.05321 31.065))","[datetime.datetime(2022, 8, 16, 0, 0), datetime.datetime(2022, 8, 16, 0, 0)]","2022-08-16 16:59:57-05:00"
6.29,"LC80340382022221LGN00","LC08_L1TP_034038_20220809_20220817_02_T1","None","LC08_L1TP_034038_20220809_20220817_02_T1","LC80340382022221LGN00","2022-08-09 00:00:00","2022-09-01 00:00:00",2,34,38,"NADIR",-0.001,"2022-08-17 00:00:00",6.29,6.29,"2022-08-09 17:46:05","2022-08-09 17:46:37","LGN","DAY",761,5,7.082,4.64,5.349,9,"LPGS_16.1.0",63.56818232,121.98069395,"FINAL","OLI_TIRS_L1TP","OLI_TIRS",8,15401,15101,7701,7551,7701,7551,"UTM",12,"WGS84","WGS84",15,30,30,"LO8BPF20220809172058_20220809185645.01","LT8BPF20220803143152_20220812085558.01","LC08CPF_20220701_20220930_02.02","LC08RLUT_20150303_20431231_02_01.h5",31.74227,-108.30505,32.7988,-109.48342,32.74622,-107.06778,30.71539,-109.51703,30.6669,-107.15469,,"{'bulk': True, 'download': True, 'order': False, 'secondary': False}","{'bulk': False, 'compare': False, 'order': False}","(-109.50725, 30.6806, -107.08724, 32.79059)","POLYGON ((-109.50725 31.0651, -107.5693 30.6806, -107.08724 32.40618, -109.06181 32.79059, -109.50725 31.0651))","[datetime.datetime(2022, 8, 9, 0, 0), datetime.datetime(2022, 8, 9, 0, 0)]","2022-08-09 16:53:22-05:00"
5.52,"LC90350382022220LGN00","LC09_L1TP_035038_20220808_20220808_02_T1","None","LC09_L1TP_035038_20220808_20220808_02_T1","LC90350382022220LGN00","2022-08-08 00:00:00","2022-09-01 00:00:00",2,35,38,"NADIR",0.001,"2022-08-08 00:00:00",5.52,5.52,"2022-08-08 17:51:55","2022-08-08 17:52:27","LGN","DAY",842,5,6.47,4.52,4.629,9,"LPGS_16.1.0",63.66471509,121.31275639,"N/A","OLI_TIRS_L1TP","OLI_TIRS",9,15501,15221,7751,7611,7751,7611,"UTM",12,"WGS84","WGS84",15,30,30,"LO9BPF20220808155159_20220808190235.01","LT9BPF20220808172800_20220808180109.02","LC09CPF_20220701_20220930_02.01","LC09RLUT_20220319_20531231_02_08.h5",31.74236,-109.8557,32.79173,-111.06301,32.76924,-108.62569,30.69407,-111.06161,30.67334,-108.67856,,"{'bulk': True, 'download': True, 'order': False, 'secondary': False}","{'bulk': False, 'compare': False, 'order': False}","(-111.05809, 30.68192, -108.63803, 32.78941)","POLYGON ((-111.05809 31.06399, -109.12023 30.68192, -108.63803 32.40765, -110.61256 32.78941, -111.05809 31.06399))","[datetime.datetime(2022, 8, 8, 0, 0), datetime.datetime(2022, 8, 8, 0, 0)]","2022-08-08 17:26:01-05:00"
0.54,"LC90340382022213LGN00","LC09_L1TP_034038_20220801_20220801_02_T1","None","LC09_L1TP_034038_20220801_20220801_02_T1","LC90340382022213LGN00","2022-08-01 00:00:00","2022-09-01 00:00:00",2,34,38,"NADIR",0,"2022-08-01 00:00:00",0.54,0.54,"2022-08-01 17:45:40","2022-08-01 17:46:12","LGN","DAY",890,5,6.685,4.282,5.135,9,"LPGS_16.1.0",64.7246491,117.6791121,"N/A","OLI_TIRS_L1TP","OLI_TIRS",9,15361,15101,7681,7551,7681,7551,"UTM",12,"WGS84","WGS84",15,30,30,"LO9BPF20220801155118_20220801185620.01","LT9BPF20220801154627_20220801175543.01","LC09CPF_20220701_20220930_02.01","LC09RLUT_20220319_20531231_02_08.h5",31.74221,-108.30455,32.79609,-109.48347,32.74352,-107.0679,30.7181,-109.51699,30.6696,-107.15458,,"{'bulk': True, 'download': True, 'order': False, 'secondary': False}","{'bulk': False, 'compare': False, 'order': False}","(-109.50672, 30.68181, -107.08711, 32.78927)","POLYGON ((-109.50672 31.06378, -107.56913 30.68181, -107.08711 32.40759, -109.06137 32.78927, -109.50672 31.06378))","[datetime.datetime(2022, 8, 1, 0, 0), datetime.datetime(2022, 8, 1, 0, 0)]","2022-08-01 16:59:20-05:00"
10.85,"LC80350382022212LGN00","LC08_L1TP_035038_20220731_20220805_02_T1","None","LC08_L1TP_035038_20220731_20220805_02_T1","LC80350382022212LGN00","2022-07-31 00:00:00","2022-09-01 00:00:00",2,35,38,"NADIR",-0.001,"2022-08-05 00:00:00",10.85,10.85,"2022-07-31 17:52:12","2022-07-31 17:52:44","LGN","DAY",782,5,6.535,4.27,4.947,9,"LPGS_16.1.0",64.9370268,117.31990291,"FINAL","OLI_TIRS_L1TP","OLI_TIRS",8,15501,15241,7751,7621,7751,7621,"UTM",12,"WGS84","WGS84",15,30,30,"LO8BPF20220731172705_20220731190251.01","LT8BPF20220728120058_20220803104537.02","LC08CPF_20220701_20220930_02.01","LC08RLUT_20150303_20431231_02_01.h5",31.74238,-109.84231,32.79173,-111.0502,32.76893,-108.60969,30.69408,-111.04908,30.67306,-108.66291,,"{'bulk': True, 'download': True, 'order': False, 'secondary': False}","{'bulk': False, 'compare': False, 'order': False}","(-111.04458, 30.68066, -108.62422, 32.79065)","POLYGON ((-111.04458 31.06522, -109.10627 30.68066, -108.62422 32.40618, -110.59916 32.79065, -111.04458 31.06522))","[datetime.datetime(2022, 7, 31, 0, 0), datetime.datetime(2022, 7, 31, 0, 0)]","2022-07-31 17:55:56-05:00"
4.68,"LC80340382022205LGN00","LC08_L1TP_034038_20220724_20220801_02_T1","None","LC08_L1TP_034038_20220724_20220801_02_T1","LC80340382022205LGN00","2022-07-24 00:00:00","2022-09-01 00:00:00",2,34,38,"NADIR",-0.001,"2022-08-01 00:00:00",4.68,4.68,"2022-07-24 17:45:56","2022-07-24 17:46:28","LGN","DAY",757,5,6.687,4.185,5.216,9,"LPGS_16.1.0",65.85489819,114.10766675,"FINAL","OLI_TIRS_L1TP","OLI_TIRS",8,15401,15081,7701,7541,7701,7541,"UTM",12,"WGS84","WGS84",15,30,30,"LO8BPF20220724154449_20220724185637.01","LT8BPF20220721150238_20220728112011.01","LC08CPF_20220701_20220930_02.01","LC08RLUT_20150303_20431231_02_01.h5",31.74201,-108.28736,32.79856,-109.4642,32.74572,-107.05181,30.71518,-109.49823,30.66644,-107.13907,,"{'bulk': True, 'download': True, 'order': False, 'secondary': False}","{'bulk': False, 'compare': False, 'order': False}","(-109.48953, 30.68028, -107.06942, 32.79031)","POLYGON ((-109.48953 31.06485, -107.55148 30.68028, -107.06942 32.40584, -109.0441 32.79031, -109.48953 31.06485))","[datetime.datetime(2022, 7, 24, 0, 0), datetime.datetime(2022, 7, 24, 0, 0)]","2022-07-24 17:05:35-05:00"
4.7,"LC90350382022204LGN00","LC09_L1TP_035038_20220723_20220723_02_T1","None","LC09_L1TP_035038_20220723_20220723_02_T1","LC90350382022204LGN00","2022-07-23 00:00:00","2022-09-01 00:00:00",2,35,38,"NADIR",0,"2022-07-23 00:00:00",4.7,4.7,"2022-07-23 17:51:44","2022-07-23 17:52:15","LGN","DAY",865,5,6.586,4.579,4.733,9,"LPGS_16.1.0",65.89693972,113.55891589,"N/A","OLI_TIRS_L1TP","OLI_TIRS",9,15501,15221,7751,7611,7751,7611,"UTM",12,"WGS84","WGS84",15,30,30,"LO9BPF20220723155721_20220723190223.01","LT9BPF20220723173124_20220723180057.01","LC09CPF_20220701_20220930_02.01","LC09RLUT_20220319_20531231_02_08.h5",31.74213,-109.83651,32.79174,-111.04379,32.76887,-108.60649,30.69408,-111.04281,30.673,-108.65978,,"{'bulk': True, 'download': True, 'order': False, 'secondary': False}","{'bulk': False, 'compare': False, 'order': False}","(-111.03886, 30.68165, -108.61882, 32.7892)","POLYGON ((-111.03886 31.06374, -109.10093 30.68165, -108.61882 32.4074, -110.59344 32.7892, -111.03886 31.06374))","[datetime.datetime(2022, 7, 23, 0, 0), datetime.datetime(2022, 7, 23, 0, 0)]","2022-07-23 15:22:31-05:00"
3.52,"LC90340382022197LGN00","LC09_L1TP_034038_20220716_20220719_02_T1","None","LC09_L1TP_034038_20220716_20220719_02_T1","LC90340382022197LGN00","2022-07-16 00:00:00","2022-09-01 00:00:00",2,34,38,"NADIR",0,"2022-07-19 00:00:00",3.52,3.52,"2022-07-16 17:45:26","2022-07-16 17:45:57","LGN","DAY",740,5,6.594,4.156,5.119,9,"LPGS_16.1.0",66.67445484,110.92389292,"N/A","OLI_TIRS_L1TP","OLI_TIRS",9,15361,15081,7681,7541,7681,7541,"UTM",12,"WGS84","WGS84",15,30,30,"LO9BPF20220716172957_20220716203458.01","LT9BPF20220716172505_20220716175528.01","LC09CPF_20220701_20220930_02.01","LC09RLUT_20220319_20531231_02_08.h5",31.74226,-108.27502,32.7957,-109.45144,32.74261,-107.03915,30.71774,-109.48566,30.66876,-107.12646,,"{'bulk': True, 'download': True, 'order': False, 'secondary': False}","{'bulk': False, 'compare': False, 'order': False}","(-109.47723, 30.68178, -107.05727, 32.78931)","POLYGON ((-109.47723 31.06385, -107.53943 30.68178, -107.05727 32.40755, -109.03176 32.78931, -109.47723 31.06385))","[datetime.datetime(2022, 7, 16, 0, 0), datetime.datetime(2022, 7, 16, 0, 0)]","2022-07-19 01:16:46-05:00"
2.28,"LC80350382022196LGN00","LC08_L1TP_035038_20220715_20220725_02_T1","None","LC08_L1TP_035038_20220715_20220725_02_T1","LC80350382022196LGN00","2022-07-15 00:00:00","2022-09-01 00:00:00",2,35,38,"NADIR",-0.001,"2022-07-25 00:00:00",2.28,2.28,"2022-07-15 17:51:59","2022-07-15 17:52:31","LGN","DAY",838,5,6.49,4.302,4.86,9,"LPGS_16.1.0",66.86010262,110.72647464,"FINAL","OLI_TIRS_L1TP","OLI_TIRS",8,15501,15221,7751,7611,7751,7611,"UTM",12,"WGS84","WGS84",15,30,30,"LO8BPF20220715155027_20220715190239.02","LT8BPF20220714064830_20220721111623.01","LC08CPF_20220701_20220930_02.01","LC08RLUT_20150303_20431231_02_01.h5",31.742,-109.81206,32.79174,-111.01816,32.76838,-108.58089,30.69409,-111.01775,30.67255,-108.63475,,"{'bulk': True, 'download': True, 'order': False, 'secondary': False}","{'bulk': False, 'compare': False, 'order': False}","(-111.01439, 30.68026, -108.59397, 32.79031)","POLYGON ((-111.01439 31.06488, -109.07602 30.68026, -108.59397 32.40578, -110.56896 32.79031, -111.01439 31.06488))","[datetime.datetime(2022, 7, 15, 0, 0), datetime.datetime(2022, 7, 15, 0, 0)]","2022-07-19 01:45:39-05:00"
2.42,"LC80340382022189LGN00","LC08_L1TP_034038_20220708_20220721_02_T1","None","LC08_L1TP_034038_20220708_20220721_02_T1","LC80340382022189LGN00","2022-07-08 00:00:00","2022-09-01 00:00:00",2,34,38,"NADIR",-0.001,"2022-07-21 00:00:00",2.42,2.42,"2022-07-08 17:45:50","2022-07-08 17:46:22","LGN","DAY",845,5,6.721,4.208,5.241,9,"LPGS_16.1.0",67.51855792,108.81015402,"FINAL","OLI_TIRS_L1TP","OLI_TIRS",8,15401,15101,7701,7551,7701,7551,"UTM",12,"WGS84","WGS84",15,30,30,"LO8BPF20220708140501_20220708185630.01","LT8BPF20220705150234_20220714042745.01","LC08CPF_20220701_20220930_02.01","LC08RLUT_20150303_20431231_02_01.h5",31.74196,-108.28387,32.79852,-109.461,32.74552,-107.04542,30.71514,-109.4951,30.66625,-107.13282,,"{'bulk': True, 'download': True, 'order': False, 'secondary': False}","{'bulk': False, 'compare': False, 'order': False}","(-109.48593, 30.68024, -107.06616, 32.79026)","POLYGON ((-109.48593 31.06472, -107.54827 30.68024, -107.06616 32.40587, -109.04043 32.79026, -109.48593 31.06472))","[datetime.datetime(2022, 7, 8, 0, 0), datetime.datetime(2022, 7, 8, 0, 0)]","2022-07-08 19:05:41-05:00"
0.93,"LC90350382022188LGN00","LC09_L1TP_035038_20220707_20220707_02_T1","None","LC09_L1TP_035038_20220707_20220707_02_T1","LC90350382022188LGN00","2022-07-07 00:00:00","2022-09-01 00:00:00",2,35,38,"NADIR",0,"2022-07-07 00:00:00",0.93,0.93,"2022-07-07 17:51:37","2022-07-07 17:52:09","LGN","DAY",912,5,6.434,4.28,4.804,9,"LPGS_16.1.0",67.51458272,108.46599508,"N/A","OLI_TIRS_L1TP","OLI_TIRS",9,15501,15241,7751,7621,7751,7621,"UTM",12,"WGS84","WGS84",15,30,30,"LO9BPF20220707123155_20220707190217.01","LT9BPF20220707172343_20220707175504.01","LC09CPF_20220701_20220930_02.01","LC09RLUT_20220319_20531231_02_08.h5",31.74241,-109.84227,32.79173,-111.0502,32.76893,-108.60969,30.69408,-111.04908,30.67306,-108.66291,,"{'bulk': True, 'download': True, 'order': False, 'secondary': False}","{'bulk': False, 'compare': False, 'order': False}","(-111.04483, 30.68196, -108.6244, 32.78947)","POLYGON ((-111.04483 31.06413, -109.10658 30.68196, -108.6244 32.40759, -110.59936 32.78947, -111.04483 31.06413))","[datetime.datetime(2022, 7, 7, 0, 0), datetime.datetime(2022, 7, 7, 0, 0)]","2022-07-07 18:04:20-05:00"
2.06,"LC90340382022181LGN00","LC09_L1TP_034038_20220630_20220701_02_T1","None","LC09_L1TP_034038_20220630_20220701_02_T1","LC90340382022181LGN00","2022-06-30 00:00:00","2022-09-01 00:00:00",2,34,38,"NADIR",0,"2022-07-01 00:00:00",2.06,2.06,"2022-06-30 17:45:28","2022-06-30 17:46:00","LGN","DAY",833,5,6.638,4.066,5.247,9,"LPGS_16.1.0",68.04935721,107.39350636,"N/A","OLI_TIRS_L1TP","OLI_TIRS",9,15361,15101,7681,7551,7681,7551,"UTM",12,"WGS84","WGS84",15,30,30,"LO9BPF20220630172225_20220630175518.02","LT9BPF20220630171734_20220630175609.02","LC09CPF_20220401_20220630_02.03","LC09RLUT_20220319_20531231_02_08.h5",31.74234,-108.31946,32.79628,-109.49948,32.74402,-107.08388,30.71828,-109.53265,30.67006,-107.17021,,"{'bulk': True, 'download': True, 'order': False, 'secondary': False}","{'bulk': False, 'compare': False, 'order': False}","(-109.52193, 30.68191, -107.10161, 32.78936)","POLYGON ((-109.52193 31.06411, -107.58365 30.68191, -107.10161 32.40746, -109.07659 32.78936, -109.52193 31.06411))","[datetime.datetime(2022, 6, 30, 0, 0), datetime.datetime(2022, 6, 30, 0, 0)]","2022-07-01 15:43:54-05:00"
25.7,"LC80350382022180LGN00","LC08_L1TP_035038_20220629_20220707_02_T1","None","LC08_L1TP_035038_20220629_20220707_02_T1","LC80350382022180LGN00","2022-06-29 00:00:00","2022-09-01 00:00:00",2,35,38,"NADIR",-0.001,"2022-07-07 00:00:00",25.7,25.7,"2022-06-29 17:52:01","2022-06-29 17:52:33","LGN","DAY",588,5,6.681,4.589,4.856,9,"LPGS_16.1.0",68.21004081,107.4387058,"FINAL","OLI_TIRS_L1TP","OLI_TIRS",8,15521,15221,7761,7611,7761,7611,"UTM",12,"WGS84","WGS84",15,30,30,"LO8BPF20220629172255_20220629195053.01","LT8BPF20220629103612_20220705111619.01","LC08CPF_20220401_20220630_02.03","LC08RLUT_20150303_20431231_02_01.h5",31.74199,-109.84306,32.79173,-111.0502,32.76899,-108.61289,30.69137,-111.04907,30.67041,-108.66611,,"{'bulk': True, 'download': True, 'order': False, 'secondary': False}","{'bulk': False, 'compare': False, 'order': False}","(-111.04527, 30.68027, -108.62517, 32.79033)","POLYGON ((-111.04527 31.06484, -109.1073 30.68027, -108.62517 32.40585, -110.59975 32.79033, -111.04527 31.06484))","[datetime.datetime(2022, 6, 29, 0, 0), datetime.datetime(2022, 6, 29, 0, 0)]","2022-07-01 15:30:55-05:00"
54.73,"LC80340382022173LGN00","LC08_L1TP_034038_20220622_20220705_02_T1","None","LC08_L1TP_034038_20220622_20220705_02_T1","LC80340382022173LGN00","2022-06-22 00:00:00","2022-09-01 00:00:00",2,34,38,"NADIR",-0.001,"2022-07-05 00:00:00",54.73,54.73,"2022-06-22 17:45:49","2022-06-22 17:46:21","LGN","DAY",196,5,8.584,5.485,6.602,9,"LPGS_16.1.0",68.61031484,107.29701052,"FINAL","OLI_TIRS_L1TP","OLI_TIRS",8,15401,15081,7701,7541,7701,7541,"UTM",12,"WGS84","WGS84",15,30,30,"LO8BPF20220622103802_20220622185629.01","LT8BPF20220621145012_20220629102349.02","LC08CPF_20220401_20220630_02.03","LC08RLUT_20150303_20431231_02_01.h5",31.74221,-108.3037,32.79876,-109.48022,32.74622,-107.06778,30.71536,-109.51389,30.6669,-107.15469,,"{'bulk': True, 'download': True, 'order': False, 'secondary': False}","{'bulk': False, 'compare': False, 'order': False}","(-109.50577, 30.68047, -107.08591, 32.79051)","POLYGON ((-109.50577 31.06499, -107.56805 30.68047, -107.08591 32.40609, -109.06024 32.79051, -109.50577 31.06499))","[datetime.datetime(2022, 6, 22, 0, 0), datetime.datetime(2022, 6, 22, 0, 0)]","2022-06-23 19:53:40-05:00"
42.43,"LC90350382022172LGN00","LC09_L1TP_035038_20220621_20220624_02_T1","None","LC09_L1TP_035038_20220621_20220624_02_T1","LC90350382022172LGN00","2022-06-21 00:00:00","2022-09-01 00:00:00",2,35,38,"NADIR",0,"2022-06-24 00:00:00",42.43,42.43,"2022-06-21 17:51:34","2022-06-21 17:52:06","LGN","DAY",299,5,8.015,5.902,5.422,9,"LPGS_16.1.0",68.55805014,107.20363949,"N/A","OLI_TIRS_L1TP","OLI_TIRS",9,15501,15241,7751,7621,7751,7621,"UTM",12,"WGS84","WGS84",15,30,30,"LO9BPF20220621172831_20220621175448.02","LT9BPF20220621172340_20220621180047.02","LC09CPF_20220401_20220630_02.02","LC09RLUT_20220319_20531231_02_08.h5",31.7422,-109.86175,32.79172,-111.06942,32.7693,-108.62889,30.69407,-111.06787,30.6734,-108.68169,,"{'bulk': True, 'download': True, 'order': False, 'secondary': False}","{'bulk': False, 'compare': False, 'order': False}","(-111.06483, 30.68177, -108.64325, 32.78917)","POLYGON ((-111.06483 31.0642, -109.1254 30.68177, -108.64325 32.40704, -110.61938 32.78917, -111.06483 31.0642))","[datetime.datetime(2022, 6, 21, 0, 0), datetime.datetime(2022, 6, 21, 0, 0)]","2022-06-24 00:00:06-05:00"
0.12,"LC90340382022165LGN00","LC09_L1TP_034038_20220614_20220616_02_T1","None","LC09_L1TP_034038_20220614_20220616_02_T1","LC90340382022165LGN00","2022-06-14 00:00:00","2022-09-01 00:00:00",2,34,38,"NADIR",0,"2022-06-16 00:00:00",0.12,0.12,"2022-06-14 17:45:13.023223","2022-06-14 17:45:44.793191","LGN","DAY",882,5,6.674,4.015,5.331,9,"LPGS_15.6.0",68.78061917,108.00114144,"N/A","OLI_TIRS_L1TP","OLI_TIRS",9,15361,15101,7681,7551,7681,7551,"UTM",12,"WGS84","WGS84",15,30,30,"LO9BPF20220614172210_20220614175502.02","LT9BPF20220614171718_20220614175554.03","LC09CPF_20220401_20220630_02.02","LC09RLUT_20220319_20531231_02_08.h5",31.74228,-108.28851,32.7959,-109.46745,32.74302,-107.05193,30.71792,-109.50132,30.66914,-107.13896,,"{'bulk': True, 'download': True, 'order': False, 'secondary': False}","{'bulk': False, 'compare': False, 'order': False}","(-109.49127, 30.68182, -107.07029, 32.78929)","POLYGON ((-109.49127 31.06417, -107.55239 30.68182, -107.07029 32.40726, -109.04585 32.78929, -109.49127 31.06417))","[datetime.datetime(2022, 6, 14, 0, 0), datetime.datetime(2022, 6, 14, 0, 0)]","2022-06-22 18:27:47-05:00"
0.78,"LC80350382022164LGN00","LC08_L1TP_035038_20220613_20220617_02_T1","None","LC08_L1TP_035038_20220613_20220617_02_T1","LC80350382022164LGN00","2022-06-13 00:00:00","2022-09-01 00:00:00",2,35,38,"NADIR",0,"2022-06-17 00:00:00",0.78,0.78,"2022-06-13 17:51:56.539983","2022-06-13 17:52:28.309983","LGN","DAY",867,5,6.536,4.053,5.128,9,"LPGS_15.6.0",68.89893176,108.33203853,"FINAL","OLI_TIRS_L1TP","OLI_TIRS",8,15521,15221,7761,7611,7761,7611,"UTM",12,"WGS84","WGS84",15,30,30,"LO8BPF20220613155000_20220613175510.01","LT8BPF20220607143741_20220614190505.01","LC08CPF_20220401_20220630_02.02","LC08RLUT_20150303_20431231_02_01.h5",31.74221,-109.84692,32.79173,-111.0534,32.76905,-108.61609,30.69137,-111.05221,30.67047,-108.66924,,"{'bulk': True, 'download': True, 'order': False, 'secondary': False}","{'bulk': False, 'compare': False, 'order': False}","(-111.04915, 30.68044, -108.62896, 32.79056)","POLYGON ((-111.04915 31.06505, -109.11109 30.68044, -108.62896 32.40604, -110.60364 32.79056, -111.04915 31.06505))","[datetime.datetime(2022, 6, 13, 0, 0), datetime.datetime(2022, 6, 13, 0, 0)]","2022-06-22 18:27:47-05:00"
0,"LC80340382022157LGN00","LC08_L1TP_034038_20220606_20220610_02_T1","None","LC08_L1TP_034038_20220606_20220610_02_T1","LC80340382022157LGN00","2022-06-06 00:00:00","2022-09-01 00:00:00",2,34,38,"NADIR",0,"2022-06-10 00:00:00",0,0,"2022-06-06 17:45:40.722199","2022-06-06 17:46:12.492199","LGN","DAY",905,5,6.439,4.106,4.96,9,"LPGS_15.6.0",68.9073507,110.04446343,"FINAL","OLI_TIRS_L1TP","OLI_TIRS",8,15401,15101,7701,7551,7701,7551,"UTM",12,"WGS84","WGS84",15,30,30,"LO8BPF20220606154408_20220606175350.02","LT8BPF20220530134808_20220607105126.02","LC08CPF_20220401_20220630_02.02","LC08RLUT_20150303_20431231_02_01.h5",31.74205,-108.29254,32.79864,-109.47061,32.74582,-107.05501,30.71525,-109.5045,30.66653,-107.14219,,"{'bulk': True, 'download': True, 'order': False, 'secondary': False}","{'bulk': False, 'compare': False, 'order': False}","(-109.4947, 30.68035, -107.07472, 32.79038)","POLYGON ((-109.4947 31.06487, -107.55686 30.68035, -107.07472 32.40594, -109.04918 32.79038, -109.4947 31.06487))","[datetime.datetime(2022, 6, 6, 0, 0), datetime.datetime(2022, 6, 6, 0, 0)]","2022-06-22 18:27:47-05:00"
0,"LC90350382022156LGN00","LC09_L1TP_035038_20220605_20220605_02_T1","None","LC09_L1TP_035038_20220605_20220605_02_T1","LC90350382022156LGN00","2022-06-05 00:00:00","2022-09-01 00:00:00",2,35,38,"NADIR",0,"2022-06-05 00:00:00",0,0,"2022-06-05 17:51:19.077206","2022-06-05 17:51:50.847174","LGN","DAY",918,5,6.261,4.107,4.726,9,"LPGS_15.6.0",68.78706829,110.18045496,"N/A","OLI_TIRS_L1TP","OLI_TIRS",9,15501,15221,7751,7611,7751,7611,"UTM",12,"WGS84","WGS84",15,30,30,"LO9BPF20220605172839_20220605175433.02","LT9BPF20220605172348_20220605180032.01","LC09CPF_20220401_20220630_02.02","LC09RLUT_20220319_20531231_02_08.h5",31.74214,-109.83389,32.79174,-111.04058,32.76881,-108.60329,30.69408,-111.03968,30.67295,-108.65666,,"{'bulk': True, 'download': True, 'order': False, 'secondary': False}","{'bulk': False, 'compare': False, 'order': False}","(-111.03673, 30.6817, -108.61559, 32.78914)","POLYGON ((-111.03673 31.06405, -109.09761 30.6817, -108.61559 32.40707, -110.59138 32.78914, -111.03673 31.06405))","[datetime.datetime(2022, 6, 5, 0, 0), datetime.datetime(2022, 6, 5, 0, 0)]","2022-06-22 18:27:47-05:00"
0.61,"LC90340382022149LGN00","LC09_L1TP_034038_20220529_20220530_02_T1","None","LC09_L1TP_034038_20220529_20220530_02_T1","LC90340382022149LGN00","2022-05-29 00:00:00","2022-09-01 00:00:00",2,34,38,"NADIR",0,"2022-05-30 00:00:00",0.61,0.61,"2022-05-29 17:45:07.219994","2022-05-29 17:45:38.989962","LGN","DAY",897,5,6.432,4.086,4.967,9,"LPGS_15.6.0",68.52661826,112.6555624,"N/A","OLI_TIRS_L1TP","OLI_TIRS",9,15361,15101,7681,7551,7681,7551,"UTM",12,"WGS84","WGS84",15,30,30,"LO9BPF20220529172228_20220529174956.02","LT9BPF20220529171736_20220529175048.03","LC09CPF_20220401_20220630_02.02","LC09RLUT_20220319_20531231_02_08.h5",31.74218,-108.29973,32.79601,-109.47706,32.74332,-107.06151,30.71803,-109.51072,30.66942,-107.14833,,"{'bulk': True, 'download': True, 'order': False, 'secondary': False}","{'bulk': False, 'compare': False, 'order': False}","(-109.50243, 30.68172, -107.08165, 32.78923)","POLYGON ((-109.50243 31.06404, -107.56378 30.68172, -107.08165 32.40722, -109.05696 32.78923, -109.50243 31.06404))","[datetime.datetime(2022, 5, 29, 0, 0), datetime.datetime(2022, 5, 29, 0, 0)]","2022-06-22 18:27:47-05:00"
35.12,"LC80350382022148LGN00","LC08_L1TP_035038_20220528_20220603_02_T1","None","LC08_L1TP_035038_20220528_20220603_02_T1","LC80350382022148LGN00","2022-05-28 00:00:00","2022-09-01 00:00:00",2,35,38,"NADIR",0,"2022-06-03 00:00:00",35.12,35.12,"2022-05-28 17:51:43.275406","2022-05-28 17:52:15.045406","LGN","DAY",761,5,6.913,4.532,5.219,9,"LPGS_15.6.0",68.57360795,113.23742675,"FINAL","OLI_TIRS_L1TP","OLI_TIRS",8,15501,15241,7751,7621,7751,7621,"UTM",12,"WGS84","WGS84",15,30,30,"LO8BPF20220528172303_20220528175457.01","LT8BPF20220523134201_20220530100153.01","LC08CPF_20220401_20220630_02.02","LC08RLUT_20150303_20431231_02_01.h5",31.74204,-109.81714,32.79174,-111.02456,32.76844,-108.58409,30.69409,-111.02402,30.67261,-108.63788,,"{'bulk': True, 'download': True, 'order': False, 'secondary': False}","{'bulk': False, 'compare': False, 'order': False}","(-111.01952, 30.68031, -108.59915, 32.7904)","POLYGON ((-111.01952 31.06497, -109.08129 30.68031, -108.59915 32.40583, -110.574 32.7904, -111.01952 31.06497))","[datetime.datetime(2022, 5, 28, 0, 0), datetime.datetime(2022, 5, 28, 0, 0)]","2022-06-22 18:27:47-05:00"
0,"LC80340382022141LGN00","LC08_L1TP_034038_20220521_20220525_02_T1","None","LC08_L1TP_034038_20220521_20220525_02_T1","LC80340382022141LGN00","2022-05-21 00:00:00","2022-09-01 00:00:00",2,34,38,"NADIR",0,"2022-05-25 00:00:00",0,0,"2022-05-21 17:45:32.841930","2022-05-21 17:46:04.611929","LGN","DAY",923,5,6.078,3.88,4.679,9,"LPGS_15.6.0",67.99400833,116.27502346,"FINAL","OLI_TIRS_L1TP","OLI_TIRS",8,15401,15101,7701,7551,7701,7551,"UTM",12,"WGS84","WGS84",15,30,30,"LO8BPF20220521154424_20220521175342.01","LT8BPF20220516030919_20220523095546.01","LC08CPF_20220401_20220630_02.02","LC08RLUT_20150303_20431231_02_01.h5",31.74226,-108.28592,32.79856,-109.4642,32.74562,-107.04862,30.71518,-109.49823,30.66634,-107.13594,,"{'bulk': True, 'download': True, 'order': False, 'secondary': False}","{'bulk': False, 'compare': False, 'order': False}","(-109.48809, 30.68054, -107.06804, 32.79057)","POLYGON ((-109.48809 31.0651, -107.5502 30.68054, -107.06804 32.4061, -109.04255 32.79057, -109.48809 31.0651))","[datetime.datetime(2022, 5, 21, 0, 0), datetime.datetime(2022, 5, 21, 0, 0)]","2022-06-22 18:27:47-05:00"
0.01,"LC90350382022140LGN00","LC09_L1TP_035038_20220520_20220521_02_T1","None","LC09_L1TP_035038_20220520_20220521_02_T1","LC90350382022140LGN00","2022-05-20 00:00:00","2022-09-01 00:00:00",2,35,38,"NADIR",0,"2022-05-21 00:00:00",0.01,0.01,"2022-05-20 17:51:17.606873","2022-05-20 17:51:49.376840","LGN","DAY",935,5,5.928,4.053,4.327,9,"LPGS_15.6.0",67.78290906,116.53187671,"N/A","OLI_TIRS_L1TP","OLI_TIRS",9,15501,15241,7751,7621,7751,7621,"UTM",12,"WGS84","WGS84",15,30,30,"LO9BPF20220520172926_20220520190157.02","LT9BPF20220520172435_20220520180031.02","LC09CPF_20220401_20220630_02.02","LC09RLUT_20220319_20531231_02_08.h5",31.74209,-109.86106,32.79172,-111.06942,32.7693,-108.62889,30.69407,-111.06787,30.6734,-108.68169,,"{'bulk': True, 'download': True, 'order': False, 'secondary': False}","{'bulk': False, 'compare': False, 'order': False}","(-111.06295, 30.68215, -108.6436, 32.78857)","POLYGON ((-111.06295 31.06306, -109.124 30.68215, -108.6436 32.408, -110.61923 32.78857, -111.06295 31.06306))","[datetime.datetime(2022, 5, 20, 0, 0), datetime.datetime(2022, 5, 20, 0, 0)]","2022-06-22 18:27:47-05:00"
0.18,"LC90340382022133LGN00","LC09_L1TP_034038_20220513_20220513_02_T1","None","LC09_L1TP_034038_20220513_20220513_02_T1","LC90340382022133LGN00","2022-05-13 00:00:00","2022-09-01 00:00:00",2,34,38,"NADIR",0,"2022-05-13 00:00:00",0.18,0.18,"2022-05-13 17:45:13.022557","2022-05-13 17:45:44.792525","LGN","DAY",912,5,6.091,3.87,4.703,9,"LPGS_15.6.0",66.87533677,119.87961829,"N/A","OLI_TIRS_L1TP","OLI_TIRS",9,15361,15101,7681,7551,7681,7551,"UTM",12,"WGS84","WGS84",15,30,30,"LO9BPF20220513172609_20220513175002.02","LT9BPF20220513172117_20220513175053.01","LC09CPF_20220401_20220630_02.01","LC09RLUT_20220319_20531231_02_08.h5",31.74213,-108.32385,32.79632,-109.50269,32.74412,-107.08707,30.71831,-109.53578,30.67016,-107.17333,,"{'bulk': True, 'download': True, 'order': False, 'secondary': False}","{'bulk': False, 'compare': False, 'order': False}","(-109.5255, 30.6822, -107.10693, 32.78861)","POLYGON ((-109.5255 31.06297, -107.58751 30.6822, -107.10693 32.40817, -109.08158 32.78861, -109.5255 31.06297))","[datetime.datetime(2022, 5, 13, 0, 0), datetime.datetime(2022, 5, 13, 0, 0)]","2022-06-22 18:27:47-05:00"
0,"LC80350382022132LGN00","LC08_L1TP_035038_20220512_20220519_02_T1","None","LC08_L1TP_035038_20220512_20220519_02_T1","LC80350382022132LGN00","2022-05-12 00:00:00","2022-09-01 00:00:00",2,35,38,"NADIR",0,"2022-05-19 00:00:00",0,0,"2022-05-12 17:51:41.795704","2022-05-12 17:52:13.565703","LGN","DAY",944,5,5.894,3.999,4.33,9,"LPGS_15.6.0",66.79586318,120.52040493,"FINAL","OLI_TIRS_L1TP","OLI_TIRS",8,15501,15241,7751,7621,7751,7621,"UTM",12,"WGS84","WGS84",15,30,30,"LO8BPF20220512154520_20220512175455.01","LT8BPF20220508142439_20220516030919.01","LC08CPF_20220401_20220630_02.02","LC08RLUT_20150303_20431231_02_01.h5",31.74235,-109.83832,32.79173,-111.04699,32.76887,-108.60649,30.69408,-111.04594,30.673,-108.65978,,"{'bulk': True, 'download': True, 'order': False, 'secondary': False}","{'bulk': False, 'compare': False, 'order': False}","(-111.04068, 30.68055, -108.62018, 32.79068)","POLYGON ((-111.04068 31.06525, -109.10234 30.68055, -108.62018 32.40607, -110.59515 32.79068, -111.04068 31.06525))","[datetime.datetime(2022, 5, 12, 0, 0), datetime.datetime(2022, 5, 12, 0, 0)]","2022-06-22 18:27:47-05:00"
0,"LC80340382022125LGN00","LC08_L1TP_034038_20220505_20220512_02_T1","None","LC08_L1TP_034038_20220505_20220512_02_T1","LC80340382022125LGN00","2022-05-05 00:00:00","2022-09-01 00:00:00",2,34,38,"NADIR",0,"2022-05-12 00:00:00",0,0,"2022-05-05 17:45:26.969005","2022-05-05 17:45:58.739005","LGN","DAY",930,5,5.844,3.733,4.497,9,"LPGS_15.6.0",65.50245621,123.85401213,"FINAL","OLI_TIRS_L1TP","OLI_TIRS",8,15401,15101,7701,7551,7701,7551,"UTM",12,"WGS84","WGS84",15,30,30,"LO8BPF20220505172622_20220505185606.01","LT8BPF20220501105429_20220508103839.01","LC08CPF_20220401_20220630_02.01","LC08RLUT_20150303_20431231_02_01.h5",31.74216,-108.28957,32.7986,-109.46741,32.74572,-107.05181,30.71522,-109.50137,30.66644,-107.13907,,"{'bulk': True, 'download': True, 'order': False, 'secondary': False}","{'bulk': False, 'compare': False, 'order': False}","(-109.49188, 30.68042, -107.07154, 32.79043)","POLYGON ((-109.49188 31.06506, -107.5537 30.68042, -107.07154 32.40588, -109.04634 32.79043, -109.49188 31.06506))","[datetime.datetime(2022, 5, 5, 0, 0), datetime.datetime(2022, 5, 5, 0, 0)]","2022-06-22 18:27:47-05:00"
0.01,"LC90350382022124LGN00","LC09_L1TP_035038_20220504_20220504_02_T1","None","LC09_L1TP_035038_20220504_20220504_02_T1","LC90350382022124LGN00","2022-05-04 00:00:00","2022-09-01 00:00:00",2,35,38,"NADIR",0,"2022-05-04 00:00:00",0.01,0.01,"2022-05-04 17:51:29.919769","2022-05-04 17:52:01.689736","LGN","DAY",953,5,5.44,3.898,3.795,9,"LPGS_15.6.0",65.24502858,124.21185779,"N/A","OLI_TIRS_L1TP","OLI_TIRS",9,15501,15221,7751,7611,7751,7611,"UTM",12,"WGS84","WGS84",15,30,30,"LO9BPF20220504155221_20220504175443.02","LT9BPF20220504154730_20220504175535.02","LC09CPF_20220401_20220630_02.01","LC09RLUT_20220319_20531231_02_08.h5",31.74231,-109.8726,32.79172,-111.07903,32.76954,-108.6417,30.69406,-111.07727,30.67362,-108.69421,,"{'bulk': True, 'download': True, 'order': False, 'secondary': False}","{'bulk': False, 'compare': False, 'order': False}","(-111.07426, 30.68238, -108.65583, 32.78887)","POLYGON ((-111.07426 31.06312, -109.1363 30.68238, -108.65583 32.40845, -110.63046 32.78887, -111.07426 31.06312))","[datetime.datetime(2022, 5, 4, 0, 0), datetime.datetime(2022, 5, 4, 0, 0)]","2022-06-22 18:27:47-05:00"
6.01,"LC90340382022117LGN00","LC09_L1TP_034038_20220427_20220427_02_T1","None","LC09_L1TP_034038_20220427_20220427_02_T1","LC90340382022117LGN00","2022-04-27 00:00:00","2022-09-01 00:00:00",2,34,38,"NADIR",0,"2022-04-27 00:00:00",6.01,6.01,"2022-04-27 17:45:21.489058","2022-04-27 17:45:53.259025","LGN","DAY",904,5,5.665,3.732,4.262,9,"LPGS_15.6.0",63.63020464,127.42052893,"N/A","OLI_TIRS_L1TP","OLI_TIRS",9,15361,15081,7681,7541,7681,7541,"UTM",12,"WGS84","WGS84",15,30,30,"LO9BPF20220427172617_20220427175011.02","LT9BPF20220427172126_20220427175102.02","LC09CPF_20220401_20220630_02.01","LC09RLUT_20220319_20531231_02_08.h5",31.74201,-108.3198,32.79625,-109.49628,32.74402,-107.08388,30.71824,-109.52951,30.67006,-107.17021,,"{'bulk': True, 'download': True, 'order': False, 'secondary': False}","{'bulk': False, 'compare': False, 'order': False}","(-109.5212, 30.68208, -107.1032, 32.78859)","POLYGON ((-109.5212 31.06279, -107.58371 30.68208, -107.1032 32.40822, -109.07736 32.78859, -109.5212 31.06279))","[datetime.datetime(2022, 4, 27, 0, 0), datetime.datetime(2022, 4, 27, 0, 0)]","2022-06-22 18:27:47-05:00"
0.28,"LC80350382022116LGN00","LC08_L1TP_035038_20220426_20220503_02_T1","None","LC08_L1TP_035038_20220426_20220503_02_T1","LC80350382022116LGN00","2022-04-26 00:00:00","2022-09-01 00:00:00",2,35,38,"NADIR",0,"2022-05-03 00:00:00",0.28,0.28,"2022-04-26 17:51:33.338834","2022-04-26 17:52:05.108834","LGN","DAY",947,5,5.477,3.719,4.021,9,"LPGS_15.6.0",63.40107777,127.91242548,"FINAL","OLI_TIRS_L1TP","OLI_TIRS",8,15521,15221,7761,7611,7761,7611,"UTM",12,"WGS84","WGS84",15,30,30,"LO8BPF20220426155223_20220426190212.01","LT8BPF20220424123039_20220501104613.01","LC08CPF_20220401_20220630_02.01","LC08RLUT_20150303_20431231_02_01.h5",31.74201,-109.83159,32.79174,-111.03738,32.76875,-108.60009,30.69138,-111.03655,30.67019,-108.65359,,"{'bulk': True, 'download': True, 'order': False, 'secondary': False}","{'bulk': False, 'compare': False, 'order': False}","(-111.03397, 30.6802, -108.6134, 32.79034)","POLYGON ((-111.03397 31.06495, -109.09567 30.6802, -108.6134 32.40568, -110.58833 32.79034, -111.03397 31.06495))","[datetime.datetime(2022, 4, 26, 0, 0), datetime.datetime(2022, 4, 26, 0, 0)]","2022-06-22 18:27:47-05:00"
54.03,"LC80340382022109LGN00","LC08_L1TP_034038_20220419_20220427_02_T1","None","LC08_L1TP_034038_20220419_20220427_02_T1","LC80340382022109LGN00","2022-04-19 00:00:00","2022-09-01 00:00:00",2,34,38,"NADIR",0,"2022-04-27 00:00:00",54.03,54.03,"2022-04-19 17:45:25.633597","2022-04-19 17:45:57.403596","LGN","DAY",549,5,7.603,5.444,5.308,9,"LPGS_15.6.0",61.45312681,130.77271081,"FINAL","OLI_TIRS_L1TP","OLI_TIRS",8,15401,15101,7701,7551,7701,7551,"UTM",12,"WGS84","WGS84",15,30,30,"LO8BPF20220419172620_20220419175012.02","LT8BPF20220417074145_20220424085139.01","LC08CPF_20220401_20220630_02.01","LC08RLUT_20150303_20431231_02_01.h5",31.74225,-108.31412,32.79891,-109.49303,32.74652,-107.07737,30.7155,-109.52642,30.66718,-107.16406,,"{'bulk': True, 'download': True, 'order': False, 'secondary': False}","{'bulk': False, 'compare': False, 'order': False}","(-109.51642, 30.68052, -107.09607, 32.79058)","POLYGON ((-109.51642 31.06521, -107.57831 30.68052, -107.09607 32.40597, -109.0708 32.79058, -109.51642 31.06521))","[datetime.datetime(2022, 4, 19, 0, 0), datetime.datetime(2022, 4, 19, 0, 0)]","2022-06-22 18:27:47-05:00"
0,"LC90350382022108LGN00","LC09_L1TP_035038_20220418_20220418_02_T1","None","LC09_L1TP_035038_20220418_20220418_02_T1","LC90350382022108LGN00","2022-04-18 00:00:00","2022-09-01 00:00:00",2,35,38,"NADIR",0,"2022-04-18 00:00:00",0,0,"2022-04-18 17:51:34.980795","2022-04-18 17:52:06.750762","LGN","DAY",953,5,4.868,3.454,3.43,9,"LPGS_15.6.0",61.15618954,131.1533531,"N/A","OLI_TIRS_L1TP","OLI_TIRS",9,15501,15221,7751,7611,7751,7611,"UTM",12,"WGS84","WGS84",15,30,30,"LO9BPF20220418141532_20220418190302.01","LT9BPF20220418172739_20220418175540.02","LC09CPF_20220401_20220630_02.01","LC09RLUT_20220319_20531231_02_08.h5",31.742,-109.85616,32.79173,-111.06301,32.76924,-108.62569,30.69407,-111.06161,30.67334,-108.67856,,"{'bulk': True, 'download': True, 'order': False, 'secondary': False}","{'bulk': False, 'compare': False, 'order': False}","(-111.05737, 30.68198, -108.6396, 32.78863)","POLYGON ((-111.05737 31.06265, -109.12004 30.68198, -108.6396 32.40829, -110.61362 32.78863, -111.05737 31.06265))","[datetime.datetime(2022, 4, 18, 0, 0), datetime.datetime(2022, 4, 18, 0, 0)]","2022-06-22 18:27:47-05:00"
0.1,"LC90340382022101LGN00","LC09_L1TP_034038_20220411_20220411_02_T1","None","LC09_L1TP_034038_20220411_20220411_02_T1","LC90340382022101LGN00","2022-04-11 00:00:00","2022-09-01 00:00:00",2,34,38,"NADIR",0,"2022-04-11 00:00:00",0.1,0.1,"2022-04-11 17:45:29.506849","2022-04-11 17:46:01.276816","LGN","DAY",916,5,4.946,3.385,3.606,9,"LPGS_15.6.0",58.97063825,133.72428131,"N/A","OLI_TIRS_L1TP","OLI_TIRS",9,15361,15081,7681,7541,7681,7541,"UTM",12,"WGS84","WGS84",15,30,30,"LO9BPF20220411172649_20220411190630.01","LT9BPF20220411172158_20220411175209.02","LC09CPF_20220401_20220630_02.01","LC09RLUT_20220319_20531231_02_08.h5",31.74192,-108.31724,32.79621,-109.49308,32.74392,-107.08068,30.71821,-109.52638,30.66997,-107.16708,,"{'bulk': True, 'download': True, 'order': False, 'secondary': False}","{'bulk': False, 'compare': False, 'order': False}","(-109.51841, 30.68193, -107.10055, 32.78846)","POLYGON ((-109.51841 31.0626, -107.58132 30.68193, -107.10055 32.40809, -109.07433 32.78846, -109.51841 31.0626))","[datetime.datetime(2022, 4, 11, 0, 0), datetime.datetime(2022, 4, 11, 0, 0)]","2022-06-22 18:27:47-05:00"
0.08,"LC80350382022100LGN00","LC08_L1TP_035038_20220410_20220419_02_T1","None","LC08_L1TP_035038_20220410_20220419_02_T1","LC80350382022100LGN00","2022-04-10 00:00:00","2022-09-01 00:00:00",2,35,38,"NADIR",0,"2022-04-19 00:00:00",0.08,0.08,"2022-04-10 17:51:36.079667","2022-04-10 17:52:07.849667","LGN","DAY",967,5,4.865,3.468,3.411,9,"LPGS_15.6.0",58.62022442,134.00744171,"FINAL","OLI_TIRS_L1TP","OLI_TIRS",8,15521,15221,7761,7611,7761,7611,"UTM",12,"WGS84","WGS84",15,30,30,"LO8BPF20220410173255_20220410195025.01","LT8BPF20220409000422_20220417052045.01","LC08CPF_20220401_20220630_02.01","LC08RLUT_20150303_20431231_02_01.h5",31.74191,-109.88201,32.79171,-111.08864,32.76972,-108.6513,30.69135,-111.08666,30.67108,-108.70366,,"{'bulk': True, 'download': True, 'order': False, 'secondary': False}","{'bulk': False, 'compare': False, 'order': False}","(-111.08388, 30.68064, -108.66438, 32.78967)","POLYGON ((-111.08388 31.06414, -109.14496 30.68064, -108.66438 32.40629, -110.63994 32.78967, -111.08388 31.06414))","[datetime.datetime(2022, 4, 10, 0, 0), datetime.datetime(2022, 4, 10, 0, 0)]","2022-06-22 18:27:47-05:00"
50.44,"LC80340382022093LGN00","LC08_L1TP_034038_20220403_20220412_02_T1","None","LC08_L1TP_034038_20220403_20220412_02_T1","LC80340382022093LGN00","2022-04-03 00:00:00","2022-09-01 00:00:00",2,34,38,"NADIR",0,"2022-04-12 00:00:00",50.44,50.44,"2022-04-03 17:45:20.945233","2022-04-03 17:45:52.715232","LGN","DAY",473,5,6.069,4.177,4.403,9,"LPGS_15.6.0",56.23893326,136.27199617,"FINAL","OLI_TIRS_L1TP","OLI_TIRS",8,15381,15081,7691,7541,7691,7541,"UTM",12,"WGS84","WGS84",15,30,30,"LO8BPF20220403172727_20220403190620.01","LT8BPF20220401123039_20220408213753.02","LC08CPF_20220401_20220630_02.01","LC08RLUT_20150303_20431231_02_01.h5",31.74215,-108.30076,32.79601,-109.47706,32.74342,-107.06471,30.71532,-109.51076,30.66681,-107.15157,,"{'bulk': True, 'download': True, 'order': False, 'secondary': False}","{'bulk': False, 'compare': False, 'order': False}","(-109.50254, 30.68094, -107.08331, 32.78995)","POLYGON ((-109.50254 31.0644, -107.56394 30.68094, -107.08331 32.4066, -109.05854 32.78995, -109.50254 31.0644))","[datetime.datetime(2022, 4, 3, 0, 0), datetime.datetime(2022, 4, 3, 0, 0)]","2022-06-22 18:27:47-05:00"
0.07,"LC90350382022092LGN00","LC09_L1TP_035038_20220402_20220403_02_T1","None","LC09_L1TP_035038_20220402_20220403_02_T1","LC90350382022092LGN00","2022-04-02 00:00:00","2022-09-01 00:00:00",2,35,38,"NADIR",0,"2022-04-03 00:00:00",0.07,0.07,"2022-04-02 17:51:43.862439","2022-04-02 17:52:15.632406","LGN","DAY",964,5,4.557,3.469,2.956,9,"LPGS_15.6.0",55.91018752,136.62434085,"N/A","OLI_TIRS_L1TP","OLI_TIRS",9,15501,15221,7751,7611,7751,7611,"UTM",12,"WGS84","WGS84",15,30,30,"LO9BPF20220402173439_20220402182205.01","LT9BPF20220402172948_20220402182256.02","LC09CPF_20220401_20220630_02.01","LC09RLUT_20220319_20531231_02_08.h5",31.74211,-109.85838,32.79173,-111.06621,32.7693,-108.62889,30.69407,-111.06474,30.6734,-108.68169,,"{'bulk': True, 'download': True, 'order': False, 'secondary': False}","{'bulk': False, 'compare': False, 'order': False}","(-111.05987, 30.68207, -108.64146, 32.78868)","POLYGON ((-111.05987 31.06292, -109.12215 30.68207, -108.64146 32.40815, -110.6159 32.78868, -111.05987 31.06292))","[datetime.datetime(2022, 4, 2, 0, 0), datetime.datetime(2022, 4, 2, 0, 0)]","2022-06-22 18:27:47-05:00"
7.16,"LC90340382022085LGN00","LC09_L1TP_034038_20220326_20220326_02_T1","None","LC09_L1TP_034038_20220326_20220326_02_T1","LC90340382022085LGN00","2022-03-26 00:00:00","2022-09-01 00:00:00",2,34,38,"NADIR",0,"2022-03-26 00:00:00",7.16,7.16,"2022-03-26 17:45:32.966335","2022-03-26 17:46:04.736302","LGN","DAY",874,5,5.282,3.748,3.723,9,"LPGS_15.6.0",53.39187408,138.61084609,"N/A","OLI_TIRS_L1TP","OLI_TIRS",9,15361,15101,7681,7551,7681,7551,"UTM",12,"WGS84","WGS84",15,30,30,"LO9BPF20220326155046_20220326181642.01","LT9BPF20220326163840_20220326181733.02","LC09CPF_20220319_20220331_02.05","LC09RLUT_20220319_20531231_02_08.h5",31.74218,-108.29857,32.79601,-109.47706,32.74332,-107.06151,30.71803,-109.51072,30.66942,-107.14833,,"{'bulk': True, 'download': True, 'order': False, 'secondary': False}","{'bulk': False, 'compare': False, 'order': False}","(-109.50006, 30.68217, -107.08169, 32.78876)","POLYGON ((-109.50006 31.06303, -107.56246 30.68217, -107.08169 32.4082, -109.05601 32.78876, -109.50006 31.06303))","[datetime.datetime(2022, 3, 26, 0, 0), datetime.datetime(2022, 3, 26, 0, 0)]","2022-06-22 18:27:47-05:00"
9.6,"LC80350382022084LGN00","LC08_L1TP_035038_20220325_20220330_02_T1","None","LC08_L1TP_035038_20220325_20220330_02_T1","LC80350382022084LGN00","2022-03-25 00:00:00","2022-09-01 00:00:00",2,35,38,"NADIR",0,"2022-03-30 00:00:00",9.6,9.6,"2022-03-25 17:51:35.073332","2022-03-25 17:52:06.843332","LGN","DAY",962,5,4.698,3.421,3.22,9,"LPGS_15.6.0",53.00997551,138.83315938,"FINAL","OLI_TIRS_L1TP","OLI_TIRS",8,15501,15221,7751,7611,7751,7611,"UTM",12,"WGS84","WGS84",15,30,30,"LO8BPF20220325173453_20220325191346.01","LT8BPF20220318190521_20220327100639.01","LC08CPF_20220301_20220331_02.03","LC08RLUT_20150303_20431231_02_01.h5",31.74211,-109.83668,32.79174,-111.04379,32.76887,-108.60649,30.69408,-111.04281,30.673,-108.65978,,"{'bulk': True, 'download': True, 'order': False, 'secondary': False}","{'bulk': False, 'compare': False, 'order': False}","(-111.03839, 30.68083, -108.61927, 32.78995)","POLYGON ((-111.03839 31.06431, -109.09997 30.68083, -108.61927 32.40659, -110.59432 32.78995, -111.03839 31.06431))","[datetime.datetime(2022, 3, 25, 0, 0), datetime.datetime(2022, 3, 25, 0, 0)]","2022-06-22 18:27:47-05:00"
38.7,"LC80340382022077LGN00","LC08_L1TP_034038_20220318_20220322_02_T1","None","LC08_L1TP_034038_20220318_20220322_02_T1","LC80340382022077LGN00","2022-03-18 00:00:00","2022-09-01 00:00:00",2,34,38,"NADIR",0,"2022-03-22 00:00:00",38.7,38.7,"2022-03-18 17:45:29.944966","2022-03-18 17:46:01.714965","LGN","DAY",685,5,5.987,4.357,4.106,9,"LPGS_15.6.0",50.42353878,140.60336809,"ACTUAL","OLI_TIRS_L1TP","OLI_TIRS",8,15401,15101,7701,7551,7701,7551,"UTM",12,"WGS84","WGS84",15,30,30,"LO8BPF20220318173023_20220318181725.02","LT8BPF20220318164512_20220318190521.01","LC08CPF_20220301_20220331_02.03","LC08RLUT_20150303_20431231_02_01.h5",31.74223,-108.29909,32.79872,-109.47702,32.74602,-107.0614,30.71532,-109.51076,30.66671,-107.14844,,"{'bulk': True, 'download': True, 'order': False, 'secondary': False}","{'bulk': False, 'compare': False, 'order': False}","(-109.50066, 30.68094, -107.08175, 32.79007)","POLYGON ((-109.50066 31.0644, -107.56259 30.68094, -107.08175 32.40671, -109.05644 32.79007, -109.50066 31.0644))","[datetime.datetime(2022, 3, 18, 0, 0), datetime.datetime(2022, 3, 18, 0, 0)]","2022-06-22 18:27:47-05:00"
2.43,"LO90350382022076LGN00","LO09_L1TP_035038_20220317_20220317_02_T1","None","LO09_L1TP_035038_20220317_20220317_02_T1","LO90350382022076LGN00","2022-03-17 00:00:00","2022-09-01 00:00:00",2,35,38,"NADIR",0,"2022-03-17 00:00:00",2.43,2.43,"2022-03-17 17:51:47.668929","2022-03-17 17:52:19.438896","LGN","DAY",970,5,4.426,3.37,2.869,9,"LPGS_15.6.0",50.06878359,140.87745159,"N/A","OLI_L1TP","OLI",9,15501,15221,7751,7611,0,0,"UTM",12,"WGS84","WGS84",15,30,-1,"LO9BPF20220317155731_20220317182314.01","N/A","LC09CPF_20220101_20220331_02.04","LC09RLUT_20210927_20531231_02_07.h5",31.74192,-109.84368,32.79173,-111.0502,32.76899,-108.61289,30.69408,-111.04908,30.67312,-108.66604,,"{'bulk': True, 'download': True, 'order': False, 'secondary': False}","{'bulk': False, 'compare': False, 'order': False}","(-111.0455, 30.68189, -108.62629, 32.78853)","POLYGON ((-111.0455 31.063, -109.10707 30.68189, -108.62629 32.40774, -110.60146 32.78853, -111.0455 31.063))","[datetime.datetime(2022, 3, 17, 0, 0), datetime.datetime(2022, 3, 17, 0, 0)]","2022-06-22 18:27:47-05:00"
0.01,"LC90340382022069LGN00","LC09_L1TP_034038_20220310_20220310_02_T1","None","LC09_L1TP_034038_20220310_20220310_02_T1","LC90340382022069LGN00","2022-03-10 00:00:00","2022-09-01 00:00:00",2,34,38,"NADIR",0,"2022-03-10 00:00:00",0.01,0.01,"2022-03-10 17:45:38.098358","2022-03-10 17:46:09.868326","LGN","DAY",962,5,4.503,3.159,3.209,9,"LPGS_15.6.0",47.47425022,142.48317549,"N/A","OLI_TIRS_L1TP","OLI_TIRS",9,15361,15101,7681,7551,7681,7551,"UTM",12,"WGS84","WGS84",15,30,30,"LO9BPF20220310141334_20220310155227.01","LT9BPF20220310172629_20220310181812.01","LC09CPF_20220101_20220331_02.04","LC09RLUT_20210927_20531231_02_07.h5",31.74209,-108.29231,32.79594,-109.47066,32.74312,-107.05513,30.71796,-109.50446,30.66923,-107.14208,,"{'bulk': True, 'download': True, 'order': False, 'secondary': False}","{'bulk': False, 'compare': False, 'order': False}","(-109.49434, 30.68208, -107.07481, 32.78866)","POLYGON ((-109.49434 31.06325, -107.55572 30.68208, -107.07481 32.40779, -109.05016 32.78866, -109.49434 31.06325))","[datetime.datetime(2022, 3, 10, 0, 0), datetime.datetime(2022, 3, 10, 0, 0)]","2022-06-22 18:27:47-05:00"
0.07,"LC80350382022068LGN00","LC08_L1TP_035038_20220309_20220315_02_T1","None","LC08_L1TP_035038_20220309_20220315_02_T1","LC80350382022068LGN00","2022-03-09 00:00:00","2022-09-01 00:00:00",2,35,38,"NADIR",0,"2022-03-15 00:00:00",0.07,0.07,"2022-03-09 17:51:45.932593","2022-03-09 17:52:17.702593","LGN","DAY",965,5,4.169,3.119,2.766,9,"LPGS_15.6.0",47.09654322,142.67452184,"FINAL","OLI_TIRS_L1TP","OLI_TIRS",8,15501,15221,7751,7611,7751,7611,"UTM",12,"WGS84","WGS84",15,30,30,"LO8BPF20220309173703_20220309200346.01","LT8BPF20220303111409_20220310092439.02","LC08CPF_20220301_20220331_02.03","LC08RLUT_20150303_20431231_02_01.h5",31.74197,-109.84621,32.79173,-111.0534,32.76905,-108.61609,30.69408,-111.05221,30.67317,-108.66917,,"{'bulk': True, 'download': True, 'order': False, 'secondary': False}","{'bulk': False, 'compare': False, 'order': False}","(-111.04792, 30.68066, -108.62878, 32.78987)","POLYGON ((-111.04792 31.06421, -109.10966 30.68066, -108.62878 32.40644, -110.60366 32.78987, -111.04792 31.06421))","[datetime.datetime(2022, 3, 9, 0, 0), datetime.datetime(2022, 3, 9, 0, 0)]","2022-06-22 18:27:47-05:00"
0.1,"LC80340382022061LGN00","LC08_L1TP_034038_20220302_20220309_02_T1","None","LC08_L1TP_034038_20220302_20220309_02_T1","LC80340382022061LGN00","2022-03-02 00:00:00","2022-09-01 00:00:00",2,34,38,"NADIR",0,"2022-03-09 00:00:00",0.1,0.1,"2022-03-02 17:45:37.191061","2022-03-02 17:46:08.961061","LGN","DAY",957,5,4.773,3.383,3.368,9,"LPGS_15.6.0",44.56332039,144.18386983,"FINAL","OLI_TIRS_L1TP","OLI_TIRS",8,15401,15081,7701,7541,7701,7541,"UTM",12,"WGS84","WGS84",15,30,30,"LO8BPF20220302173142_20220302181932.02","LT8BPF20220225134316_20220303110033.01","LC08CPF_20220301_20220331_02.03","LC08RLUT_20150303_20431231_02_01.h5",31.74204,-108.29493,32.79864,-109.47061,32.74592,-107.0582,30.71525,-109.5045,30.66662,-107.14532,,"{'bulk': True, 'download': True, 'order': False, 'secondary': False}","{'bulk': False, 'compare': False, 'order': False}","(-109.49649, 30.68072, -107.07762, 32.78993)","POLYGON ((-109.49649 31.06426, -107.55857 30.68072, -107.07762 32.40649, -109.05216 32.78993, -109.49649 31.06426))","[datetime.datetime(2022, 3, 2, 0, 0), datetime.datetime(2022, 3, 2, 0, 0)]","2022-06-22 18:27:47-05:00"
4.72,"LC90350382022060LGN00","LC09_L1TP_035038_20220301_20220302_02_T1","None","LC09_L1TP_035038_20220301_20220302_02_T1","LC90350382022060LGN00","2022-03-01 00:00:00","2022-09-01 00:00:00",2,35,38,"NADIR",0,"2022-03-02 00:00:00",4.72,4.72,"2022-03-01 17:51:48.018158","2022-03-01 17:52:19.788126","LGN","DAY",957,5,4.332,3.347,2.751,9,"LPGS_15.6.0",44.21958148,144.41566099,"N/A","OLI_TIRS_L1TP","OLI_TIRS",9,15501,15221,7751,7611,7751,7611,"UTM",12,"WGS84","WGS84",15,30,30,"LO9BPF20220301142055_20220301173818.01","LT9BPF20220301173327_20220302014903.01","LC09CPF_20220101_20220331_02.03","LC09RLUT_20210927_20531231_02_07.h5",31.74225,-109.8191,32.79174,-111.02456,32.7685,-108.58729,30.69409,-111.02402,30.67266,-108.64101,,"{'bulk': True, 'download': True, 'order': False, 'secondary': False}","{'bulk': False, 'compare': False, 'order': False}","(-111.02151, 30.68219, -108.60125, 32.78886)","POLYGON ((-111.02151 31.06362, -109.0821 30.68219, -108.60125 32.40775, -110.5774 32.78886, -111.02151 31.06362))","[datetime.datetime(2022, 3, 1, 0, 0), datetime.datetime(2022, 3, 1, 0, 0)]","2022-06-22 18:27:47-05:00"
15.18,"LC90340382022053LGN00","LC09_L1TP_034038_20220222_20220222_02_T1","None","LC09_L1TP_034038_20220222_20220222_02_T1","LC90340382022053LGN00","2022-02-22 00:00:00","2022-09-01 00:00:00",2,34,38,"NADIR",0,"2022-02-22 00:00:00",15.18,15.18,"2022-02-22 17:45:43.094031","2022-02-22 17:46:14.863999","LGN","DAY",887,5,5.214,3.719,3.655,9,"LPGS_15.6.0",41.80305746,145.84783,"N/A","OLI_TIRS_L1TP","OLI_TIRS",9,15361,15081,7681,7541,7681,7541,"UTM",12,"WGS84","WGS84",15,30,30,"LO9BPF20220222164111_20220222173324.01","LT9BPF20220222155052_20220222164202.02","LC09CPF_20220101_20220331_02.03","LC09RLUT_20210927_20531231_02_07.h5",31.74235,-108.29057,32.7959,-109.46745,32.74312,-107.05513,30.71792,-109.50132,30.66923,-107.14208,,"{'bulk': True, 'download': True, 'order': False, 'secondary': False}","{'bulk': False, 'compare': False, 'order': False}","(-109.49295, 30.68228, -107.07271, 32.78891)","POLYGON ((-109.49295 31.06371, -107.55357 30.68228, -107.07271 32.40781, -109.04881 32.78891, -109.49295 31.06371))","[datetime.datetime(2022, 2, 22, 0, 0), datetime.datetime(2022, 2, 22, 0, 0)]","2022-06-22 18:27:47-05:00"
13.04,"LC80350382022052LGN00","LC08_L1TP_035038_20220221_20220301_02_T1","None","LC08_L1TP_035038_20220221_20220301_02_T1","LC80350382022052LGN00","2022-02-21 00:00:00","2022-09-01 00:00:00",2,35,38,"NADIR",0,"2022-03-01 00:00:00",13.04,13.04,"2022-02-21 17:51:48.802640","2022-02-21 17:52:20.572640","LGN","DAY",670,5,4.663,3.439,3.149,9,"LPGS_15.6.0",41.46432803,146.03141209,"FINAL","OLI_TIRS_L1TP","OLI_TIRS",8,15501,15221,7751,7611,7751,7611,"UTM",12,"WGS84","WGS84",15,30,30,"LO8BPF20220221173842_20220221200437.01","LT8BPF20220217062944_20220225095809.02","LC08CPF_20220201_20220228_02.03","LC08RLUT_20150303_20431231_02_01.h5",31.74224,-109.8274,32.79174,-111.03418,32.76869,-108.59689,30.69408,-111.03341,30.67283,-108.6504,,"{'bulk': True, 'download': True, 'order': False, 'secondary': False}","{'bulk': False, 'compare': False, 'order': False}","(-111.02911, 30.68085, -108.60995, 32.79015)","POLYGON ((-111.02911 31.06448, -109.09097 30.68085, -108.60995 32.40664, -110.58472 32.79015, -111.02911 31.06448))","[datetime.datetime(2022, 2, 21, 0, 0), datetime.datetime(2022, 2, 21, 0, 0)]","2022-06-22 18:27:47-05:00"
0.13,"LC80340382022045LGN00","LC08_L1TP_034038_20220214_20220222_02_T1","None","LC08_L1TP_034038_20220214_20220222_02_T1","LC80340382022045LGN00","2022-02-14 00:00:00","2022-09-01 00:00:00",2,34,38,"NADIR",0,"2022-02-22 00:00:00",0.13,0.13,"2022-02-14 17:45:40.950168","2022-02-14 17:46:12.720168","LGN","DAY",958,5,4.84,3.404,3.44,9,"LPGS_15.6.0",39.22927176,147.42621139,"FINAL","OLI_TIRS_L1TP","OLI_TIRS",8,15381,15081,7691,7541,7691,7541,"UTM",12,"WGS84","WGS84",15,30,30,"LO8BPF20220214173322_20220214191215.02","LT8BPF20220208130157_20220217040917.01","LC08CPF_20220201_20220331_02.02","LC08RLUT_20150303_20431231_02_01.h5",31.74225,-108.28144,32.79848,-109.4578,32.74552,-107.04542,30.71781,-109.49193,30.66895,-107.13271,,"{'bulk': True, 'download': True, 'order': False, 'secondary': False}","{'bulk': False, 'compare': False, 'order': False}","(-109.48301, 30.68086, -107.06412, 32.79022)","POLYGON ((-109.48301 31.06449, -107.54528 30.68086, -107.06412 32.40668, -109.03847 32.79022, -109.48301 31.06449))","[datetime.datetime(2022, 2, 14, 0, 0), datetime.datetime(2022, 2, 14, 0, 0)]","2022-06-22 18:27:47-05:00"
0.12,"LC90350382022044LGN00","LC09_L1TP_035038_20220213_20220214_02_T1","None","LC09_L1TP_035038_20220213_20220214_02_T1","LC90350382022044LGN00","2022-02-13 00:00:00","2022-09-01 00:00:00",2,35,38,"NADIR",0,"2022-02-14 00:00:00",0.12,0.12,"2022-02-13 17:51:59.684809","2022-02-13 17:52:31.454776","LGN","DAY",976,5,4.027,3.09,2.582,9,"LPGS_15.6.0",38.93127679,147.6333406,"N/A","OLI_TIRS_L1TP","OLI_TIRS",9,15501,15241,7751,7621,7751,7621,"UTM",12,"WGS84","WGS84",15,30,30,"LO9BPF20220213174029_20220213182621.03","LT9BPF20220213164843_20220213182712.01","LC09CPF_20220101_20220331_02.03","LC09RLUT_20210927_20531231_02_07.h5",31.74239,-109.84791,32.79173,-111.0566,32.76905,-108.61609,30.69408,-111.05534,30.67317,-108.66917,,"{'bulk': True, 'download': True, 'order': False, 'secondary': False}","{'bulk': False, 'compare': False, 'order': False}","(-111.05056, 30.68229, -108.62982, 32.78903)","POLYGON ((-111.05056 31.06389, -109.11087 30.68229, -108.62982 32.40774, -110.60621 32.78903, -111.05056 31.06389))","[datetime.datetime(2022, 2, 13, 0, 0), datetime.datetime(2022, 2, 13, 0, 0)]","2022-06-22 18:27:47-05:00"
0.12,"LC90340382022037LGN00","LC09_L1TP_034038_20220206_20220206_02_T1","None","LC09_L1TP_034038_20220206_20220206_02_T1","LC90340382022037LGN00","2022-02-06 00:00:00","2022-09-01 00:00:00",2,34,38,"NADIR",0,"2022-02-06 00:00:00",0.12,0.12,"2022-02-06 17:45:51.595505","2022-02-06 17:46:23.365472","LGN","DAY",957,5,4.545,3.111,3.313,9,"LPGS_15.6.0",36.92688768,148.99759359,"N/A","OLI_TIRS_L1TP","OLI_TIRS",9,15361,15101,7681,7551,7681,7551,"UTM",12,"WGS84","WGS84",15,30,30,"LO9BPF20220206155615_20220206164143.02","LT9BPF20220206150341_20220206155124.02","LC09CPF_20220101_20220331_02.03","LC09RLUT_20210927_20531231_02_07.h5",31.74203,-108.30873,32.79613,-109.48667,32.74362,-107.0711,30.71814,-109.52012,30.66969,-107.15771,,"{'bulk': True, 'download': True, 'order': False, 'secondary': False}","{'bulk': False, 'compare': False, 'order': False}","(-109.51116, 30.68193, -107.09087, 32.78866)","POLYGON ((-109.51116 31.06345, -107.5719 30.68193, -107.09087 32.40747, -109.06682 32.78866, -109.51116 31.06345))","[datetime.datetime(2022, 2, 6, 0, 0), datetime.datetime(2022, 2, 6, 0, 0)]","2022-06-22 18:27:47-05:00"
0.11,"LC80350382022036LGN00","LC08_L1TP_035038_20220205_20220212_02_T1","None","LC08_L1TP_035038_20220205_20220212_02_T1","LC80350382022036LGN00","2022-02-05 00:00:00","2022-09-01 00:00:00",2,35,38,"NADIR",0,"2022-02-12 00:00:00",0.11,0.11,"2022-02-05 17:51:54.824032","2022-02-05 17:52:26.594032","LGN","DAY",961,5,4.226,3.038,2.938,9,"LPGS_15.6.0",36.65876805,149.18475467,"FINAL","OLI_TIRS_L1TP","OLI_TIRS",8,15501,15221,7751,7611,7751,7611,"UTM",12,"WGS84","WGS84",15,30,30,"LO8BPF20220205174047_20220205200531.01","LT8BPF20220201111906_20220208091656.01","LC08CPF_20220201_20220331_02.02","LC08RLUT_20150303_20431231_02_01.h5",31.74201,-109.82684,32.79174,-111.03418,32.76869,-108.59689,30.69408,-111.03341,30.67283,-108.6504,,"{'bulk': True, 'download': True, 'order': False, 'secondary': False}","{'bulk': False, 'compare': False, 'order': False}","(-111.02863, 30.68062, -108.60936, 32.79002)","POLYGON ((-111.02863 31.06435, -109.09051 30.68062, -108.60936 32.4064, -110.58411 32.79002, -111.02863 31.06435))","[datetime.datetime(2022, 2, 5, 0, 0), datetime.datetime(2022, 2, 5, 0, 0)]","2022-06-22 18:27:47-05:00"
0.24,"LC80340382022029LGN00","LC08_L1TP_034038_20220129_20220204_02_T1","None","LC08_L1TP_034038_20220129_20220204_02_T1","LC80340382022029LGN00","2022-01-29 00:00:00","2022-09-01 00:00:00",2,34,38,"NADIR",0,"2022-02-04 00:00:00",0.24,0.24,"2022-01-29 17:45:44.548759","2022-01-29 17:46:16.318758","LGN","DAY",930,5,4.938,3.457,3.526,9,"LPGS_15.6.0",34.94184508,150.53898513,"FINAL","OLI_TIRS_L1TP","OLI_TIRS",8,15381,15101,7691,7551,7691,7551,"UTM",12,"WGS84","WGS84",15,30,30,"LO8BPF20220129173501_20220129191354.01","LT8BPF20220125142939_20220201103630.01","LC08CPF_20220101_20220131_02.02","LC08RLUT_20150303_20431231_02_01.h5",31.74211,-108.27282,32.7984,-109.45139,32.74521,-107.03584,30.71774,-109.48566,30.66867,-107.12334,,"{'bulk': True, 'download': True, 'order': False, 'secondary': False}","{'bulk': False, 'compare': False, 'order': False}","(-109.47458, 30.6807, -107.05537, 32.79012)","POLYGON ((-109.47458 31.06448, -107.53664 30.6807, -107.05537 32.40644, -109.02994 32.79012, -109.47458 31.06448))","[datetime.datetime(2022, 1, 29, 0, 0), datetime.datetime(2022, 1, 29, 0, 0)]","2022-06-22 18:27:47-05:00"
0.08,"LC90350382022028LGN00","LC09_L1TP_035038_20220128_20220128_02_T1","None","LC09_L1TP_035038_20220128_20220128_02_T1","LC90350382022028LGN00","2022-01-28 00:00:00","2022-09-01 00:00:00",2,35,38,"NADIR",0,"2022-01-28 00:00:00",0.08,0.08,"2022-01-28 17:52:03.525898","2022-01-28 17:52:35.295866","LGN","DAY",977,5,4.407,3.17,3.061,9,"LPGS_15.6.0",34.72066282,150.73075024,"N/A","OLI_TIRS_L1TP","OLI_TIRS",9,15501,15221,7751,7611,7751,7611,"UTM",12,"WGS84","WGS84",15,30,30,"LO9BPF20220128160315_20220128185557.01","LT9BPF20220128173717_20220128182701.01","LC09CPF_20220101_20220331_02.03","LC09RLUT_20210927_20531231_02_07.h5",31.7421,-109.84924,32.79173,-111.0566,32.76912,-108.61929,30.69408,-111.05534,30.67323,-108.6723,,"{'bulk': True, 'download': True, 'order': False, 'secondary': False}","{'bulk': False, 'compare': False, 'order': False}","(-111.05165, 30.68198, -108.63143, 32.78879)","POLYGON ((-111.05165 31.06356, -109.11253 30.68198, -108.63143 32.40752, -110.60722 32.78879, -111.05165 31.06356))","[datetime.datetime(2022, 1, 28, 0, 0), datetime.datetime(2022, 1, 28, 0, 0)]","2022-06-22 18:27:47-05:00"
7,"LC90340382022021LGN00","LC09_L1TP_034038_20220121_20220122_02_T1","None","LC09_L1TP_034038_20220121_20220122_02_T1","LC90340382022021LGN00","2022-01-21 00:00:00","2022-09-01 00:00:00",2,34,38,"NADIR",0,"2022-01-22 00:00:00",7,7,"2022-01-21 17:45:52.093905","2022-01-21 17:46:23.863873","LGN","DAY",837,5,4.952,3.236,3.749,9,"LPGS_15.6.0",33.32787363,152.04519813,"N/A","OLI_TIRS_L1TP","OLI_TIRS",9,15361,15101,7681,7551,7681,7551,"UTM",12,"WGS84","WGS84",15,30,30,"LO9BPF20220121155727_20220121182037.01","LT9BPF20220121173129_20220121182128.01","LC09CPF_20220101_20220331_02.03","LC09RLUT_20210927_20531231_02_07.h5",31.7423,-108.29806,32.79601,-109.47706,32.74332,-107.06151,30.71803,-109.51072,30.66942,-107.14833,,"{'bulk': True, 'download': True, 'order': False, 'secondary': False}","{'bulk': False, 'compare': False, 'order': False}","(-109.50015, 30.68214, -107.08057, 32.78903)","POLYGON ((-109.50015 31.06357, -107.56175 30.68214, -107.08057 32.40789, -109.05562 32.78903, -109.50015 31.06357))","[datetime.datetime(2022, 1, 21, 0, 0), datetime.datetime(2022, 1, 21, 0, 0)]","2022-06-22 18:27:47-05:00"
4.23,"LC80350382022020LGN00","LC08_L1TP_035038_20220120_20220127_02_T1","None","LC08_L1TP_035038_20220120_20220127_02_T1","LC80350382022020LGN00","2022-01-20 00:00:00","2022-09-01 00:00:00",2,35,38,"NADIR",0,"2022-01-27 00:00:00",4.23,4.23,"2022-01-20 17:51:58.563481","2022-01-20 17:52:30.333480","LGN","DAY",875,5,5.448,3.799,3.905,9,"LPGS_15.6.0",33.15626731,152.23191488,"FINAL","OLI_TIRS_L1TP","OLI_TIRS",8,15501,15221,7751,7611,7751,7611,"UTM",12,"WGS84","WGS84",15,30,30,"LO8BPF20220120142416_20220120182404.01","LT8BPF20220118143426_20220125104409.01","LC08CPF_20220101_20220331_02.01","LC08RLUT_20150303_20431231_02_01.h5",31.74216,-109.82149,32.79174,-111.02777,32.76856,-108.59049,30.69409,-111.02715,30.67272,-108.64414,,"{'bulk': True, 'download': True, 'order': False, 'secondary': False}","{'bulk': False, 'compare': False, 'order': False}","(-111.02343, 30.68072, -108.60385, 32.79019)","POLYGON ((-111.02343 31.06459, -109.08511 30.68072, -108.60385 32.40641, -110.57882 32.79019, -111.02343 31.06459))","[datetime.datetime(2022, 1, 20, 0, 0), datetime.datetime(2022, 1, 20, 0, 0)]","2022-06-22 18:27:47-05:00"
0.44,"LC80340382022013LGN00","LC08_L1TP_034038_20220113_20220123_02_T1","None","LC08_L1TP_034038_20220113_20220123_02_T1","LC80340382022013LGN00","2022-01-13 00:00:00","2022-09-01 00:00:00",2,34,38,"NADIR",0,"2022-01-23 00:00:00",0.44,0.44,"2022-01-13 17:45:49.865261","2022-01-13 17:46:21.635261","LGN","DAY",939,5,5.213,3.431,3.924,9,"LPGS_15.6.0",32.12753691,153.50106962,"FINAL","OLI_TIRS_L1TP","OLI_TIRS",8,15401,15101,7701,7551,7701,7551,"UTM",12,"WGS84","WGS84",15,30,30,"LO8BPF20220113173618_20220113200302.01","LT8BPF20220110133509_20220118121416.01","LC08CPF_20220101_20220331_02.01","LC08RLUT_20150303_20431231_02_01.h5",31.74197,-108.27688,32.79844,-109.45459,32.74531,-107.03903,30.71507,-109.48884,30.66606,-107.12657,,"{'bulk': True, 'download': True, 'order': False, 'secondary': False}","{'bulk': False, 'compare': False, 'order': False}","(-109.47879, 30.68053, -107.05927, 32.78998)","POLYGON ((-109.47879 31.06445, -107.54059 30.68053, -107.05927 32.40615, -109.0341 32.78998, -109.47879 31.06445))","[datetime.datetime(2022, 1, 13, 0, 0), datetime.datetime(2022, 1, 13, 0, 0)]","2022-06-22 18:27:47-05:00"
45.09,"LC90350382022012LGN01","LC09_L1TP_035038_20220112_20220122_02_T1","None","LC09_L1TP_035038_20220112_20220122_02_T1","LC90350382022012LGN01","2022-01-12 00:00:00","2022-09-01 00:00:00",2,35,38,"NADIR",0,"2022-01-22 00:00:00",45.09,45.09,"2022-01-12 17:52:01.125970","2022-01-12 17:52:32.895938","LGN","DAY",956,5,5.118,3.601,3.636,9,"LPGS_15.6.0",32.00568205,153.669895,"N/A","OLI_TIRS_L1TP","OLI_TIRS",9,15501,15221,7751,7611,7751,7611,"UTM",12,"WGS84","WGS84",15,30,30,"LO9BPF20220112174317_20220112182646.01","LT9BPF20220112173846_20220112182737.01","LC09CPF_20220101_20220331_02.03","LC09RLUT_20210927_20531231_02_07.h5",31.74199,-109.82969,32.79174,-111.03738,32.76875,-108.60009,30.69408,-111.03655,30.67289,-108.65353,,"{'bulk': True, 'download': True, 'order': False, 'secondary': False}","{'bulk': False, 'compare': False, 'order': False}","(-111.03168, 30.68181, -108.61239, 32.78879)","POLYGON ((-111.03168 31.06324, -109.09383 30.68181, -108.61239 32.40768, -110.58689 32.78879, -111.03168 31.06324))","[datetime.datetime(2022, 1, 12, 0, 0), datetime.datetime(2022, 1, 12, 0, 0)]","2022-06-22 18:27:47-05:00"
0.11,"LC90340382022005LGN01","LC09_L1TP_034038_20220105_20220122_02_T1","None","LC09_L1TP_034038_20220105_20220122_02_T1","LC90340382022005LGN01","2022-01-05 00:00:00","2022-09-01 00:00:00",2,34,38,"NADIR",0,"2022-01-22 00:00:00",0.11,0.11,"2022-01-05 17:45:52.425258","2022-01-05 17:46:24.195225","LGN","DAY",930,5,5.654,3.603,4.357,9,"LPGS_15.6.0",31.36250927,154.86070866,"N/A","OLI_TIRS_L1TP","OLI_TIRS",9,15361,15081,7681,7541,7681,7541,"UTM",12,"WGS84","WGS84",15,30,30,"LO9BPF20220105155839_20220105200306.01","LT9BPF20220105173301_20220105182128.02","LC09CPF_20220101_20220331_02.03","LC09RLUT_20210927_20531231_02_07.h5",31.74226,-108.29131,32.7959,-109.46745,32.74312,-107.05513,30.71792,-109.50132,30.66923,-107.14208,,"{'bulk': True, 'download': True, 'order': False, 'secondary': False}","{'bulk': False, 'compare': False, 'order': False}","(-109.49292, 30.68205, -107.07433, 32.78908)","POLYGON ((-109.49292 31.06334, -107.55568 30.68205, -107.07433 32.40811, -109.04822 32.78908, -109.49292 31.06334))","[datetime.datetime(2022, 1, 5, 0, 0), datetime.datetime(2022, 1, 5, 0, 0)]","2022-06-22 18:27:47-05:00"
0.09,"LC80350382022004LGN00","LC08_L1TP_035038_20220104_20220113_02_T1","None","LC08_L1TP_035038_20220104_20220113_02_T1","LC80350382022004LGN00","2022-01-04 00:00:00","2022-09-01 00:00:00",2,35,38,"NADIR",0,"2022-01-13 00:00:00",0.09,0.09,"2022-01-04 17:52:01.817970","2022-01-04 17:52:33.587969","LGN","DAY",944,5,5.521,3.666,4.128,9,"LPGS_15.6.0",31.30390803,155.03432623,"FINAL","OLI_TIRS_L1TP","OLI_TIRS",8,15501,15221,7751,7611,7751,7611,"UTM",12,"WGS84","WGS84",15,30,30,"LO8BPF20220104174254_20220104200538.01","LT8BPF20220102104900_20220110094909.02","LC08CPF_20220101_20220331_02.01","LC08RLUT_20150303_20431231_02_01.h5",31.74193,-109.81894,32.79174,-111.02456,32.7685,-108.58729,30.69409,-111.02402,30.67266,-108.64101,,"{'bulk': True, 'download': True, 'order': False, 'secondary': False}","{'bulk': False, 'compare': False, 'order': False}","(-111.02104, 30.68043, -108.60107, 32.78993)","POLYGON ((-111.02104 31.06446, -109.08241 30.68043, -108.60107 32.406, -110.57634 32.78993, -111.02104 31.06446))","[datetime.datetime(2022, 1, 4, 0, 0), datetime.datetime(2022, 1, 4, 0, 0)]","2022-06-22 18:27:47-05:00"
